customer_id,gender,age,city,state,region,city_tier,signup_date
CUST00001,Female,29,Hyderabad,Telangana,South,1,2023-09-28
CUST00002,Male,29,Mumbai,Maharashtra,West,1,2023-03-29
CUST00003,Female,26,Ahmedabad,Gujarat,West,2,2023-11-05
CUST00004,Male,27,Delhi,Delhi,North,1,2024-04-04
CUST00005,Male,23,Mumbai,Maharashtra,West,1,2024-04-19
CUST00006,Male,19,Chennai,Tamil Nadu,South,1,2024-11-17
CUST00007,Female,26,Ranchi,Jharkhand,East,3,2024-05-19
CUST00008,Female,40,Mumbai,Maharashtra,West,1,2023-12-06
CUST00009,Male,20,Ahmedabad,Gujarat,West,2,2023-02-04
CUST00010,Male,41,Pune,Maharashtra,West,1,2023-04-16
CUST00011,Female,38,Coimbatore,Tamil Nadu,South,3,2024-07-09
CUST00012,Male,33,Mumbai,Maharashtra,West,1,2023-09-09
CUST00013,Female,32,Hyderabad,Telangana,South,1,2023-12-04
CUST00014,Male,35,Bengaluru,Karnataka,South,1,2023-06-06
CUST00015,Male,40,Ranchi,Jharkhand,East,3,2023-12-10
CUST00016,Male,38,Ahmedabad,Gujarat,West,2,2024-05-04
CUST00017,Male,42,Coimbatore,Tamil Nadu,South,3,2023-02-02
CUST00018,Male,23,Ahmedabad,Gujarat,West,2,2024-06-30
CUST00019,Female,62,Lucknow,Uttar Pradesh,North,2,2023-01-05
CUST00020,Male,23,Chennai,Tamil Nadu,South,1,2024-07-07
CUST00021,Male,30,Nagpur,Maharashtra,West,3,2023-08-29
CUST00022,Female,35,Chennai,Tamil Nadu,South,1,2023-06-20
CUST00023,Female,36,Kolkata,West Bengal,East,1,2023-08-31
CUST00024,Male,42,Nagpur,Maharashtra,West,3,2023-01-28
CUST00025,Female,25,Nagpur,Maharashtra,West,3,2024-10-01
CUST00026,Female,29,Bengaluru,Karnataka,South,1,2024-09-24
CUST00027,Male,22,Mumbai,Maharashtra,West,1,2024-03-31
CUST00028,Female,40,Bengaluru,Karnataka,South,1,2024-01-09
CUST00029,Male,41,Hyderabad,Telangana,South,1,2024-05-11
CUST00030,Female,41,Delhi,Delhi,North,1,2023-03-22
CUST00031,Female,18,Chennai,Tamil Nadu,South,1,2023-08-13
CUST00032,Female,45,Kolkata,West Bengal,East,1,2023-09-04
CUST00033,Female,37,Bengaluru,Karnataka,South,1,2023-10-21
CUST00034,Male,51,Mumbai,Maharashtra,West,1,2024-08-31
CUST00035,Male,39,Lucknow,Uttar Pradesh,North,2,2024-10-21
CUST00036,Male,37,Hyderabad,Telangana,South,1,2024-05-03
CUST00037,Female,33,Kochi,Kerala,South,3,2024-10-02
CUST00038,Female,19,Lucknow,Uttar Pradesh,North,2,2023-09-20
CUST00039,Female,32,Kolkata,West Bengal,East,1,2024-07-25
CUST00040,Female,36,Nagpur,Maharashtra,West,3,2023-01-09
CUST00041,Female,25,Coimbatore,Tamil Nadu,South,3,2024-02-08
CUST00042,Female,34,Delhi,Delhi,North,1,2024-02-26
CUST00043,Male,33,Hyderabad,Telangana,South,1,2024-04-17
CUST00044,Male,21,Lucknow,Uttar Pradesh,North,2,2024-11-11
CUST00045,Female,39,Pune,Maharashtra,West,1,2024-05-18
CUST00046,Male,49,Mumbai,Maharashtra,West,1,2024-04-14
CUST00047,Female,18,Guwahati,Assam,East,3,2023-12-31
CUST00048,Female,24,Ahmedabad,Gujarat,West,2,2024-04-25
CUST00049,Male,31,Bengaluru,Karnataka,South,1,2024-06-30
CUST00050,Male,33,Bengaluru,Karnataka,South,1,2024-06-01
CUST00051,Female,23,Indore,Madhya Pradesh,Central,2,2024-05-11
CUST00052,Female,26,Bengaluru,Karnataka,South,1,2023-11-19
CUST00053,Male,37,Kochi,Kerala,South,3,2024-07-23
CUST00054,Female,22,Hyderabad,Telangana,South,1,2024-09-30
CUST00055,Male,40,Surat,Gujarat,West,2,2024-01-28
CUST00056,Male,26,Bhopal,Madhya Pradesh,Central,2,2024-02-12
CUST00057,Male,26,Pune,Maharashtra,West,1,2024-11-15
CUST00058,Male,30,Nagpur,Maharashtra,West,3,2023-05-23
CUST00059,Female,38,Kolkata,West Bengal,East,1,2023-02-20
CUST00060,Male,18,Mumbai,Maharashtra,West,1,2024-11-22
CUST00061,Female,36,Pune,Maharashtra,West,1,2024-09-04
CUST00062,Female,20,Mumbai,Maharashtra,West,1,2023-12-16
CUST00063,Female,31,Lucknow,Uttar Pradesh,North,2,2023-09-26
CUST00064,Male,27,Chennai,Tamil Nadu,South,1,2023-02-27
CUST00065,Male,28,Guwahati,Assam,East,3,2023-05-07
CUST00066,Male,29,Bengaluru,Karnataka,South,1,2024-09-29
CUST00067,Female,46,Kochi,Kerala,South,3,2023-09-29
CUST00068,Female,27,Mumbai,Maharashtra,West,1,2023-06-03
CUST00069,Male,35,Mumbai,Maharashtra,West,1,2023-08-08
CUST00070,Female,38,Chennai,Tamil Nadu,South,1,2023-08-06
CUST00071,Male,45,Hyderabad,Telangana,South,1,2023-09-11
CUST00072,Female,43,Mumbai,Maharashtra,West,1,2023-08-11
CUST00073,Female,35,Pune,Maharashtra,West,1,2023-11-21
CUST00074,Male,40,Bhopal,Madhya Pradesh,Central,2,2024-11-20
CUST00075,Male,34,Bhopal,Madhya Pradesh,Central,2,2024-03-02
CUST00076,Male,26,Mumbai,Maharashtra,West,1,2024-08-27
CUST00077,Female,36,Patna,Bihar,East,3,2024-09-08
CUST00078,Female,30,Mumbai,Maharashtra,West,1,2023-10-04
CUST00079,Female,28,Chennai,Tamil Nadu,South,1,2023-07-11
CUST00080,Female,27,Kolkata,West Bengal,East,1,2024-10-24
CUST00081,Male,37,Chennai,Tamil Nadu,South,1,2024-06-08
CUST00082,Male,18,Pune,Maharashtra,West,1,2023-12-08
CUST00083,Male,34,Mumbai,Maharashtra,West,1,2024-03-20
CUST00084,Male,30,Kochi,Kerala,South,3,2024-05-20
CUST00085,Male,48,Bengaluru,Karnataka,South,1,2023-01-25
CUST00086,Female,35,Guwahati,Assam,East,3,2023-01-09
CUST00087,Male,39,Mumbai,Maharashtra,West,1,2024-06-02
CUST00088,Female,29,Delhi,Delhi,North,1,2023-01-29
CUST00089,Female,25,Hyderabad,Telangana,South,1,2023-12-08
CUST00090,Male,30,Chandigarh,Punjab,North,2,2023-07-01
CUST00091,Male,25,Hyderabad,Telangana,South,1,2023-05-06
CUST00092,Female,31,Delhi,Delhi,North,1,2023-12-27
CUST00093,Male,28,Bengaluru,Karnataka,South,1,2024-05-19
CUST00094,Female,36,Guwahati,Assam,East,3,2024-07-09
CUST00095,Female,32,Bengaluru,Karnataka,South,1,2023-03-21
CUST00096,Male,25,Guwahati,Assam,East,3,2024-02-06
CUST00097,Female,31,Bengaluru,Karnataka,South,1,2024-05-27
CUST00098,Female,40,Ahmedabad,Gujarat,West,2,2023-01-08
CUST00099,Male,35,Hyderabad,Telangana,South,1,2023-11-12
CUST00100,Male,48,Bengaluru,Karnataka,South,1,2024-04-05
CUST00101,Male,39,Indore,Madhya Pradesh,Central,2,2023-09-10
CUST00102,Male,33,Mumbai,Maharashtra,West,1,2023-08-30
CUST00103,Female,34,Chennai,Tamil Nadu,South,1,2024-01-09
CUST00104,Male,22,Hyderabad,Telangana,South,1,2024-11-19
CUST00105,Male,35,Chennai,Tamil Nadu,South,1,2024-01-20
CUST00106,Female,49,Surat,Gujarat,West,2,2024-03-12
CUST00107,Male,19,Chandigarh,Punjab,North,2,2023-03-24
CUST00108,Male,36,Jaipur,Rajasthan,North,2,2023-02-03
CUST00109,Female,40,Jaipur,Rajasthan,North,2,2024-11-04
CUST00110,Male,26,Guwahati,Assam,East,3,2024-02-05
CUST00111,Female,33,Chandigarh,Punjab,North,2,2024-07-31
CUST00112,Female,32,Ahmedabad,Gujarat,West,2,2023-12-01
CUST00113,Female,33,Hyderabad,Telangana,South,1,2023-06-15
CUST00114,Male,18,Lucknow,Uttar Pradesh,North,2,2023-05-18
CUST00115,Male,42,Bengaluru,Karnataka,South,1,2023-03-10
CUST00116,Male,19,Bengaluru,Karnataka,South,1,2023-04-21
CUST00117,Male,25,Delhi,Delhi,North,1,2024-01-09
CUST00118,Male,47,Nagpur,Maharashtra,West,3,2024-10-28
CUST00119,Male,29,Delhi,Delhi,North,1,2024-02-07
CUST00120,Male,31,Kolkata,West Bengal,East,1,2024-10-06
CUST00121,Male,31,Hyderabad,Telangana,South,1,2023-03-19
CUST00122,Female,23,Jaipur,Rajasthan,North,2,2023-02-25
CUST00123,Male,33,Mumbai,Maharashtra,West,1,2023-01-26
CUST00124,Female,32,Pune,Maharashtra,West,1,2023-02-25
CUST00125,Male,39,Hyderabad,Telangana,South,1,2023-08-04
CUST00126,Male,36,Surat,Gujarat,West,2,2024-05-22
CUST00127,Female,34,Pune,Maharashtra,West,1,2023-01-15
CUST00128,Male,20,Coimbatore,Tamil Nadu,South,3,2023-03-27
CUST00129,Male,29,Nagpur,Maharashtra,West,3,2023-07-31
CUST00130,Female,51,Kolkata,West Bengal,East,1,2024-04-14
CUST00131,Male,34,Chennai,Tamil Nadu,South,1,2024-08-17
CUST00132,Female,39,Bengaluru,Karnataka,South,1,2023-11-11
CUST00133,Male,42,Bengaluru,Karnataka,South,1,2024-10-23
CUST00134,Female,31,Mumbai,Maharashtra,West,1,2023-12-16
CUST00135,Female,39,Mumbai,Maharashtra,West,1,2023-08-31
CUST00136,Male,33,Mumbai,Maharashtra,West,1,2023-04-28
CUST00137,Male,43,Jaipur,Rajasthan,North,2,2024-03-16
CUST00138,Male,31,Delhi,Delhi,North,1,2024-02-14
CUST00139,Female,30,Pune,Maharashtra,West,1,2023-04-23
CUST00140,Male,33,Pune,Maharashtra,West,1,2024-05-25
CUST00141,Female,19,Mumbai,Maharashtra,West,1,2024-11-20
CUST00142,Female,34,Jaipur,Rajasthan,North,2,2024-08-18
CUST00143,Male,33,Chandigarh,Punjab,North,2,2024-07-03
CUST00144,Female,32,Delhi,Delhi,North,1,2024-06-30
CUST00145,Female,27,Mumbai,Maharashtra,West,1,2023-12-15
CUST00146,Female,28,Delhi,Delhi,North,1,2023-01-05
CUST00147,Male,29,Indore,Madhya Pradesh,Central,2,2024-08-23
CUST00148,Male,43,Hyderabad,Telangana,South,1,2024-11-21
CUST00149,Male,25,Chennai,Tamil Nadu,South,1,2024-10-26
CUST00150,Female,32,Bengaluru,Karnataka,South,1,2023-02-08
CUST00151,Female,37,Ahmedabad,Gujarat,West,2,2024-07-07
CUST00152,Female,52,Nagpur,Maharashtra,West,3,2024-02-24
CUST00153,Male,45,Lucknow,Uttar Pradesh,North,2,2024-02-15
CUST00154,Male,35,Nagpur,Maharashtra,West,3,2023-04-28
CUST00155,Male,22,Coimbatore,Tamil Nadu,South,3,2023-08-04
CUST00156,Female,58,Chennai,Tamil Nadu,South,1,2024-11-15
CUST00157,Female,21,Lucknow,Uttar Pradesh,North,2,2023-10-19
CUST00158,Male,25,Chennai,Tamil Nadu,South,1,2023-12-12
CUST00159,Male,48,Kolkata,West Bengal,East,1,2023-07-29
CUST00160,Female,37,Indore,Madhya Pradesh,Central,2,2023-05-07
CUST00161,Female,31,Ahmedabad,Gujarat,West,2,2023-02-20
CUST00162,Male,39,Delhi,Delhi,North,1,2024-02-09
CUST00163,Male,18,Patna,Bihar,East,3,2023-01-01
CUST00164,Female,45,Mumbai,Maharashtra,West,1,2023-05-17
CUST00165,Female,31,Kolkata,West Bengal,East,1,2024-07-28
CUST00166,Male,39,Chennai,Tamil Nadu,South,1,2023-12-13
CUST00167,Female,41,Chennai,Tamil Nadu,South,1,2023-06-28
CUST00168,Female,25,Bengaluru,Karnataka,South,1,2024-10-27
CUST00169,Female,32,Delhi,Delhi,North,1,2023-03-25
CUST00170,Male,42,Delhi,Delhi,North,1,2023-11-23
CUST00171,Male,31,Surat,Gujarat,West,2,2023-11-14
CUST00172,Female,27,Kolkata,West Bengal,East,1,2023-01-18
CUST00173,Male,21,Pune,Maharashtra,West,1,2024-05-16
CUST00174,Male,33,Delhi,Delhi,North,1,2023-02-24
CUST00175,Male,36,Bengaluru,Karnataka,South,1,2023-06-11
CUST00176,Male,25,Jaipur,Rajasthan,North,2,2023-11-09
CUST00177,Female,36,Jaipur,Rajasthan,North,2,2023-11-24
CUST00178,Female,22,Bengaluru,Karnataka,South,1,2024-02-22
CUST00179,Female,29,Kolkata,West Bengal,East,1,2024-05-05
CUST00180,Female,22,Bengaluru,Karnataka,South,1,2023-01-07
CUST00181,Female,40,Coimbatore,Tamil Nadu,South,3,2024-09-15
CUST00182,Male,30,Patna,Bihar,East,3,2024-06-06
CUST00183,Male,26,Kolkata,West Bengal,East,1,2024-01-31
CUST00184,Female,43,Coimbatore,Tamil Nadu,South,3,2024-05-14
CUST00185,Female,28,Delhi,Delhi,North,1,2023-06-07
CUST00186,Female,44,Mumbai,Maharashtra,West,1,2024-06-09
CUST00187,Female,32,Hyderabad,Telangana,South,1,2023-07-20
CUST00188,Male,35,Delhi,Delhi,North,1,2023-03-16
CUST00189,Female,41,Patna,Bihar,East,3,2023-02-10
CUST00190,Female,36,Delhi,Delhi,North,1,2023-12-08
CUST00191,Female,56,Nagpur,Maharashtra,West,3,2023-06-17
CUST00192,Male,30,Patna,Bihar,East,3,2024-04-20
CUST00193,Male,29,Hyderabad,Telangana,South,1,2023-12-29
CUST00194,Female,42,Indore,Madhya Pradesh,Central,2,2023-07-06
CUST00195,Male,18,Chennai,Tamil Nadu,South,1,2024-09-14
CUST00196,Male,30,Pune,Maharashtra,West,1,2024-04-11
CUST00197,Female,18,Pune,Maharashtra,West,1,2023-12-31
CUST00198,Female,28,Hyderabad,Telangana,South,1,2024-10-02
CUST00199,Male,40,Chennai,Tamil Nadu,South,1,2023-02-08
CUST00200,Male,26,Kochi,Kerala,South,3,2023-01-17
CUST00201,Female,43,Delhi,Delhi,North,1,2023-11-14
CUST00202,Male,38,Lucknow,Uttar Pradesh,North,2,2023-07-19
CUST00203,Male,35,Delhi,Delhi,North,1,2024-05-03
CUST00204,Male,33,Delhi,Delhi,North,1,2023-03-27
CUST00205,Male,44,Lucknow,Uttar Pradesh,North,2,2023-05-17
CUST00206,Male,28,Surat,Gujarat,West,2,2024-01-07
CUST00207,Male,24,Patna,Bihar,East,3,2023-09-30
CUST00208,Female,56,Nagpur,Maharashtra,West,3,2023-06-20
CUST00209,Male,43,Mumbai,Maharashtra,West,1,2024-06-10
CUST00210,Male,39,Pune,Maharashtra,West,1,2024-05-07
CUST00211,Male,28,Mumbai,Maharashtra,West,1,2023-06-19
CUST00212,Male,21,Indore,Madhya Pradesh,Central,2,2023-02-08
CUST00213,Female,27,Mumbai,Maharashtra,West,1,2023-11-14
CUST00214,Male,45,Chennai,Tamil Nadu,South,1,2024-01-24
CUST00215,Male,18,Chennai,Tamil Nadu,South,1,2024-01-11
CUST00216,Female,21,Jaipur,Rajasthan,North,2,2023-05-20
CUST00217,Female,31,Bengaluru,Karnataka,South,1,2024-01-15
CUST00218,Male,38,Ahmedabad,Gujarat,West,2,2023-06-02
CUST00219,Female,28,Hyderabad,Telangana,South,1,2024-07-28
CUST00220,Female,31,Kochi,Kerala,South,3,2024-05-31
CUST00221,Male,32,Nagpur,Maharashtra,West,3,2023-04-09
CUST00222,Female,18,Pune,Maharashtra,West,1,2023-05-25
CUST00223,Male,18,Delhi,Delhi,North,1,2023-04-30
CUST00224,Female,24,Bengaluru,Karnataka,South,1,2024-06-24
CUST00225,Female,23,Coimbatore,Tamil Nadu,South,3,2024-06-04
CUST00226,Female,40,Bengaluru,Karnataka,South,1,2023-02-07
CUST00227,Male,40,Pune,Maharashtra,West,1,2024-03-29
CUST00228,Female,32,Kolkata,West Bengal,East,1,2023-02-09
CUST00229,Female,26,Bengaluru,Karnataka,South,1,2023-09-19
CUST00230,Female,27,Delhi,Delhi,North,1,2023-12-29
CUST00231,Male,28,Mumbai,Maharashtra,West,1,2024-10-28
CUST00232,Female,24,Surat,Gujarat,West,2,2023-03-23
CUST00233,Male,37,Pune,Maharashtra,West,1,2023-10-22
CUST00234,Female,18,Delhi,Delhi,North,1,2024-11-30
CUST00235,Female,31,Delhi,Delhi,North,1,2024-04-11
CUST00236,Female,34,Ahmedabad,Gujarat,West,2,2023-08-10
CUST00237,Male,28,Delhi,Delhi,North,1,2024-04-28
CUST00238,Male,33,Kolkata,West Bengal,East,1,2023-01-22
CUST00239,Female,35,Nagpur,Maharashtra,West,3,2024-11-17
CUST00240,Male,27,Mumbai,Maharashtra,West,1,2023-02-02
CUST00241,Male,38,Chandigarh,Punjab,North,2,2024-07-23
CUST00242,Female,31,Mumbai,Maharashtra,West,1,2024-05-03
CUST00243,Male,35,Lucknow,Uttar Pradesh,North,2,2023-05-10
CUST00244,Male,34,Coimbatore,Tamil Nadu,South,3,2023-03-25
CUST00245,Female,24,Ranchi,Jharkhand,East,3,2023-09-14
CUST00246,Male,37,Nagpur,Maharashtra,West,3,2024-06-07
CUST00247,Female,38,Pune,Maharashtra,West,1,2023-03-01
CUST00248,Male,38,Coimbatore,Tamil Nadu,South,3,2023-07-18
CUST00249,Female,22,Mumbai,Maharashtra,West,1,2024-01-13
CUST00250,Female,31,Delhi,Delhi,North,1,2023-08-24
CUST00251,Female,27,Delhi,Delhi,North,1,2024-05-15
CUST00252,Male,18,Mumbai,Maharashtra,West,1,2023-10-01
CUST00253,Female,35,Guwahati,Assam,East,3,2023-06-15
CUST00254,Male,36,Mumbai,Maharashtra,West,1,2023-08-02
CUST00255,Male,45,Mumbai,Maharashtra,West,1,2023-02-15
CUST00256,Male,39,Kolkata,West Bengal,East,1,2023-08-30
CUST00257,Male,33,Mumbai,Maharashtra,West,1,2024-08-11
CUST00258,Male,22,Lucknow,Uttar Pradesh,North,2,2023-05-23
CUST00259,Male,48,Mumbai,Maharashtra,West,1,2023-11-13
CUST00260,Female,35,Nagpur,Maharashtra,West,3,2024-11-20
CUST00261,Female,43,Ahmedabad,Gujarat,West,2,2024-01-18
CUST00262,Male,33,Chennai,Tamil Nadu,South,1,2024-05-29
CUST00263,Male,29,Chennai,Tamil Nadu,South,1,2023-01-12
CUST00264,Female,35,Guwahati,Assam,East,3,2023-12-22
CUST00265,Female,23,Chennai,Tamil Nadu,South,1,2023-10-15
CUST00266,Male,38,Ranchi,Jharkhand,East,3,2023-02-28
CUST00267,Male,28,Jaipur,Rajasthan,North,2,2023-04-03
CUST00268,Male,35,Kochi,Kerala,South,3,2023-01-24
CUST00269,Female,55,Hyderabad,Telangana,South,1,2024-06-15
CUST00270,Female,35,Mumbai,Maharashtra,West,1,2024-05-26
CUST00271,Female,45,Bhopal,Madhya Pradesh,Central,2,2023-10-22
CUST00272,Female,44,Surat,Gujarat,West,2,2024-06-03
CUST00273,Male,31,Ahmedabad,Gujarat,West,2,2024-06-09
CUST00274,Male,42,Bengaluru,Karnataka,South,1,2024-01-16
CUST00275,Female,24,Hyderabad,Telangana,South,1,2023-05-10
CUST00276,Female,18,Coimbatore,Tamil Nadu,South,3,2023-09-18
CUST00277,Male,30,Delhi,Delhi,North,1,2023-10-28
CUST00278,Female,40,Hyderabad,Telangana,South,1,2024-08-27
CUST00279,Female,25,Chennai,Tamil Nadu,South,1,2023-10-03
CUST00280,Female,20,Hyderabad,Telangana,South,1,2023-04-17
CUST00281,Male,33,Chennai,Tamil Nadu,South,1,2024-05-11
CUST00282,Male,41,Pune,Maharashtra,West,1,2023-11-30
CUST00283,Male,30,Kochi,Kerala,South,3,2023-01-01
CUST00284,Male,36,Pune,Maharashtra,West,1,2023-07-25
CUST00285,Female,40,Chennai,Tamil Nadu,South,1,2023-09-08
CUST00286,Male,35,Chennai,Tamil Nadu,South,1,2024-05-09
CUST00287,Male,23,Pune,Maharashtra,West,1,2023-05-31
CUST00288,Female,37,Jaipur,Rajasthan,North,2,2023-12-07
CUST00289,Male,31,Chennai,Tamil Nadu,South,1,2024-05-31
CUST00290,Female,31,Bengaluru,Karnataka,South,1,2024-06-21
CUST00291,Female,37,Mumbai,Maharashtra,West,1,2023-12-11
CUST00292,Male,21,Hyderabad,Telangana,South,1,2023-03-10
CUST00293,Male,34,Delhi,Delhi,North,1,2024-07-28
CUST00294,Female,35,Kolkata,West Bengal,East,1,2024-05-03
CUST00295,Female,38,Chandigarh,Punjab,North,2,2024-10-05
CUST00296,Male,37,Chennai,Tamil Nadu,South,1,2023-11-27
CUST00297,Female,18,Ahmedabad,Gujarat,West,2,2024-10-16
CUST00298,Male,41,Kolkata,West Bengal,East,1,2024-02-21
CUST00299,Female,25,Bengaluru,Karnataka,South,1,2023-09-24
CUST00300,Male,52,Hyderabad,Telangana,South,1,2023-11-24
CUST00301,Male,18,Mumbai,Maharashtra,West,1,2023-06-03
CUST00302,Female,33,Chennai,Tamil Nadu,South,1,2023-02-12
CUST00303,Male,29,Lucknow,Uttar Pradesh,North,2,2024-03-02
CUST00304,Male,35,Indore,Madhya Pradesh,Central,2,2023-11-20
CUST00305,Male,33,Mumbai,Maharashtra,West,1,2024-01-08
CUST00306,Male,44,Bengaluru,Karnataka,South,1,2024-02-24
CUST00307,Male,23,Guwahati,Assam,East,3,2023-03-31
CUST00308,Female,36,Pune,Maharashtra,West,1,2024-08-05
CUST00309,Male,27,Delhi,Delhi,North,1,2023-02-05
CUST00310,Female,42,Pune,Maharashtra,West,1,2024-07-12
CUST00311,Male,19,Patna,Bihar,East,3,2023-08-08
CUST00312,Female,47,Coimbatore,Tamil Nadu,South,3,2024-08-06
CUST00313,Female,48,Bengaluru,Karnataka,South,1,2024-08-02
CUST00314,Male,24,Mumbai,Maharashtra,West,1,2024-11-06
CUST00315,Female,30,Delhi,Delhi,North,1,2024-07-14
CUST00316,Male,30,Mumbai,Maharashtra,West,1,2024-10-16
CUST00317,Male,28,Ahmedabad,Gujarat,West,2,2024-08-12
CUST00318,Male,25,Kolkata,West Bengal,East,1,2024-10-19
CUST00319,Male,34,Lucknow,Uttar Pradesh,North,2,2024-04-03
CUST00320,Male,27,Kolkata,West Bengal,East,1,2023-06-16
CUST00321,Male,26,Ahmedabad,Gujarat,West,2,2024-11-06
CUST00322,Female,20,Mumbai,Maharashtra,West,1,2024-07-14
CUST00323,Female,36,Mumbai,Maharashtra,West,1,2023-06-09
CUST00324,Male,51,Bengaluru,Karnataka,South,1,2023-09-16
CUST00325,Female,25,Hyderabad,Telangana,South,1,2024-09-05
CUST00326,Female,31,Kolkata,West Bengal,East,1,2024-07-01
CUST00327,Male,46,Chandigarh,Punjab,North,2,2023-11-07
CUST00328,Female,29,Hyderabad,Telangana,South,1,2024-10-09
CUST00329,Male,39,Bengaluru,Karnataka,South,1,2023-12-14
CUST00330,Female,38,Bengaluru,Karnataka,South,1,2023-10-13
CUST00331,Male,29,Mumbai,Maharashtra,West,1,2023-06-10
CUST00332,Female,28,Hyderabad,Telangana,South,1,2023-12-27
CUST00333,Female,35,Kolkata,West Bengal,East,1,2023-06-29
CUST00334,Female,44,Kolkata,West Bengal,East,1,2023-09-01
CUST00335,Female,47,Delhi,Delhi,North,1,2024-08-16
CUST00336,Male,34,Delhi,Delhi,North,1,2023-01-07
CUST00337,Male,32,Hyderabad,Telangana,South,1,2024-07-31
CUST00338,Female,36,Indore,Madhya Pradesh,Central,2,2023-09-10
CUST00339,Female,34,Pune,Maharashtra,West,1,2023-04-20
CUST00340,Male,30,Patna,Bihar,East,3,2024-10-14
CUST00341,Male,28,Mumbai,Maharashtra,West,1,2024-06-20
CUST00342,Male,34,Kolkata,West Bengal,East,1,2024-06-26
CUST00343,Male,18,Mumbai,Maharashtra,West,1,2024-01-25
CUST00344,Male,43,Hyderabad,Telangana,South,1,2024-05-31
CUST00345,Female,26,Mumbai,Maharashtra,West,1,2024-11-20
CUST00346,Female,29,Lucknow,Uttar Pradesh,North,2,2024-08-31
CUST00347,Male,40,Patna,Bihar,East,3,2023-12-25
CUST00348,Male,35,Lucknow,Uttar Pradesh,North,2,2024-04-29
CUST00349,Male,28,Delhi,Delhi,North,1,2024-06-02
CUST00350,Male,21,Guwahati,Assam,East,3,2023-07-02
CUST00351,Female,36,Mumbai,Maharashtra,West,1,2024-08-13
CUST00352,Male,21,Bengaluru,Karnataka,South,1,2023-08-30
CUST00353,Male,18,Mumbai,Maharashtra,West,1,2024-11-02
CUST00354,Male,50,Coimbatore,Tamil Nadu,South,3,2023-07-02
CUST00355,Male,19,Coimbatore,Tamil Nadu,South,3,2024-09-15
CUST00356,Male,18,Chennai,Tamil Nadu,South,1,2023-01-21
CUST00357,Female,18,Mumbai,Maharashtra,West,1,2023-04-30
CUST00358,Female,28,Coimbatore,Tamil Nadu,South,3,2023-08-20
CUST00359,Female,41,Jaipur,Rajasthan,North,2,2023-07-19
CUST00360,Male,30,Mumbai,Maharashtra,West,1,2024-03-24
CUST00361,Male,19,Mumbai,Maharashtra,West,1,2023-03-28
CUST00362,Female,23,Hyderabad,Telangana,South,1,2024-02-03
CUST00363,Female,24,Hyderabad,Telangana,South,1,2024-03-17
CUST00364,Male,39,Mumbai,Maharashtra,West,1,2024-01-03
CUST00365,Male,34,Chandigarh,Punjab,North,2,2023-11-25
CUST00366,Male,23,Chandigarh,Punjab,North,2,2023-06-18
CUST00367,Male,31,Nagpur,Maharashtra,West,3,2023-05-29
CUST00368,Male,22,Indore,Madhya Pradesh,Central,2,2023-10-15
CUST00369,Male,22,Mumbai,Maharashtra,West,1,2023-09-30
CUST00370,Male,18,Chennai,Tamil Nadu,South,1,2024-09-17
CUST00371,Male,38,Delhi,Delhi,North,1,2023-10-15
CUST00372,Male,28,Bengaluru,Karnataka,South,1,2024-06-13
CUST00373,Female,22,Guwahati,Assam,East,3,2023-10-29
CUST00374,Male,36,Pune,Maharashtra,West,1,2023-08-23
CUST00375,Male,31,Surat,Gujarat,West,2,2024-06-24
CUST00376,Female,36,Delhi,Delhi,North,1,2023-02-13
CUST00377,Male,41,Kolkata,West Bengal,East,1,2024-11-26
CUST00378,Male,33,Chennai,Tamil Nadu,South,1,2023-05-16
CUST00379,Male,34,Bengaluru,Karnataka,South,1,2023-09-18
CUST00380,Female,30,Jaipur,Rajasthan,North,2,2024-04-17
CUST00381,Female,30,Ahmedabad,Gujarat,West,2,2023-03-07
CUST00382,Male,32,Chandigarh,Punjab,North,2,2024-07-19
CUST00383,Male,27,Surat,Gujarat,West,2,2024-03-12
CUST00384,Male,24,Nagpur,Maharashtra,West,3,2023-04-11
CUST00385,Male,28,Ahmedabad,Gujarat,West,2,2024-06-19
CUST00386,Male,28,Hyderabad,Telangana,South,1,2023-09-30
CUST00387,Female,31,Ahmedabad,Gujarat,West,2,2023-12-02
CUST00388,Male,26,Kolkata,West Bengal,East,1,2023-06-08
CUST00389,Male,38,Ahmedabad,Gujarat,West,2,2023-07-30
CUST00390,Male,40,Bhopal,Madhya Pradesh,Central,2,2023-01-19
CUST00391,Male,38,Bengaluru,Karnataka,South,1,2023-07-02
CUST00392,Female,39,Bengaluru,Karnataka,South,1,2023-06-10
CUST00393,Female,42,Bhopal,Madhya Pradesh,Central,2,2024-02-03
CUST00394,Female,18,Kolkata,West Bengal,East,1,2024-05-19
CUST00395,Female,33,Delhi,Delhi,North,1,2024-09-10
CUST00396,Male,18,Bengaluru,Karnataka,South,1,2024-03-01
CUST00397,Female,40,Hyderabad,Telangana,South,1,2023-02-18
CUST00398,Male,44,Mumbai,Maharashtra,West,1,2023-10-22
CUST00399,Male,38,Surat,Gujarat,West,2,2023-07-01
CUST00400,Male,30,Chennai,Tamil Nadu,South,1,2024-02-12
CUST00401,Female,31,Bengaluru,Karnataka,South,1,2023-06-12
CUST00402,Male,34,Chennai,Tamil Nadu,South,1,2023-07-24
CUST00403,Female,32,Coimbatore,Tamil Nadu,South,3,2024-09-10
CUST00404,Male,21,Chennai,Tamil Nadu,South,1,2024-06-02
CUST00405,Female,18,Surat,Gujarat,West,2,2023-07-22
CUST00406,Male,27,Surat,Gujarat,West,2,2023-11-10
CUST00407,Female,18,Lucknow,Uttar Pradesh,North,2,2023-11-01
CUST00408,Male,42,Delhi,Delhi,North,1,2023-06-27
CUST00409,Male,29,Mumbai,Maharashtra,West,1,2024-08-20
CUST00410,Male,33,Lucknow,Uttar Pradesh,North,2,2024-06-12
CUST00411,Female,27,Coimbatore,Tamil Nadu,South,3,2024-05-31
CUST00412,Male,50,Chennai,Tamil Nadu,South,1,2024-09-28
CUST00413,Male,26,Bhopal,Madhya Pradesh,Central,2,2023-10-21
CUST00414,Female,24,Delhi,Delhi,North,1,2024-01-18
CUST00415,Male,46,Mumbai,Maharashtra,West,1,2023-08-01
CUST00416,Male,35,Kolkata,West Bengal,East,1,2023-03-07
CUST00417,Female,24,Indore,Madhya Pradesh,Central,2,2023-04-07
CUST00418,Female,18,Hyderabad,Telangana,South,1,2024-03-02
CUST00419,Male,24,Delhi,Delhi,North,1,2024-08-08
CUST00420,Female,40,Bengaluru,Karnataka,South,1,2024-07-12
CUST00421,Male,18,Pune,Maharashtra,West,1,2024-04-12
CUST00422,Female,43,Indore,Madhya Pradesh,Central,2,2023-02-09
CUST00423,Female,30,Mumbai,Maharashtra,West,1,2024-06-03
CUST00424,Female,21,Ahmedabad,Gujarat,West,2,2024-06-27
CUST00425,Female,42,Bengaluru,Karnataka,South,1,2023-05-09
CUST00426,Female,44,Delhi,Delhi,North,1,2023-04-12
CUST00427,Male,27,Delhi,Delhi,North,1,2024-06-20
CUST00428,Female,37,Hyderabad,Telangana,South,1,2023-08-15
CUST00429,Female,20,Patna,Bihar,East,3,2024-03-09
CUST00430,Male,41,Bengaluru,Karnataka,South,1,2023-05-11
CUST00431,Male,26,Bengaluru,Karnataka,South,1,2023-06-05
CUST00432,Female,28,Hyderabad,Telangana,South,1,2023-12-04
CUST00433,Female,27,Ahmedabad,Gujarat,West,2,2024-10-23
CUST00434,Male,37,Mumbai,Maharashtra,West,1,2023-09-29
CUST00435,Female,37,Mumbai,Maharashtra,West,1,2023-02-16
CUST00436,Female,27,Bengaluru,Karnataka,South,1,2023-07-10
CUST00437,Male,41,Delhi,Delhi,North,1,2023-05-23
CUST00438,Female,20,Kochi,Kerala,South,3,2024-04-04
CUST00439,Female,38,Mumbai,Maharashtra,West,1,2023-07-26
CUST00440,Female,49,Mumbai,Maharashtra,West,1,2024-07-11
CUST00441,Female,28,Pune,Maharashtra,West,1,2024-06-30
CUST00442,Male,31,Chennai,Tamil Nadu,South,1,2023-09-27
CUST00443,Female,39,Coimbatore,Tamil Nadu,South,3,2023-03-24
CUST00444,Female,36,Ranchi,Jharkhand,East,3,2023-03-04
CUST00445,Male,30,Pune,Maharashtra,West,1,2024-02-02
CUST00446,Male,30,Mumbai,Maharashtra,West,1,2024-11-03
CUST00447,Male,40,Kolkata,West Bengal,East,1,2023-11-30
CUST00448,Male,47,Nagpur,Maharashtra,West,3,2023-05-07
CUST00449,Female,25,Patna,Bihar,East,3,2024-03-07
CUST00450,Male,32,Patna,Bihar,East,3,2024-11-14
CUST00451,Male,27,Indore,Madhya Pradesh,Central,2,2023-11-20
CUST00452,Female,34,Indore,Madhya Pradesh,Central,2,2023-06-23
CUST00453,Female,44,Nagpur,Maharashtra,West,3,2024-08-27
CUST00454,Male,29,Ahmedabad,Gujarat,West,2,2024-03-30
CUST00455,Female,45,Bhopal,Madhya Pradesh,Central,2,2024-08-01
CUST00456,Female,37,Pune,Maharashtra,West,1,2023-03-28
CUST00457,Male,28,Mumbai,Maharashtra,West,1,2024-07-26
CUST00458,Female,25,Guwahati,Assam,East,3,2023-04-03
CUST00459,Male,30,Chennai,Tamil Nadu,South,1,2024-03-07
CUST00460,Female,32,Mumbai,Maharashtra,West,1,2023-07-09
CUST00461,Male,27,Bengaluru,Karnataka,South,1,2023-12-07
CUST00462,Female,30,Bengaluru,Karnataka,South,1,2023-12-10
CUST00463,Female,49,Delhi,Delhi,North,1,2024-07-24
CUST00464,Male,31,Ranchi,Jharkhand,East,3,2023-11-29
CUST00465,Female,38,Hyderabad,Telangana,South,1,2023-01-19
CUST00466,Female,45,Bengaluru,Karnataka,South,1,2023-10-28
CUST00467,Male,46,Lucknow,Uttar Pradesh,North,2,2023-06-02
CUST00468,Male,40,Delhi,Delhi,North,1,2024-11-03
CUST00469,Female,18,Delhi,Delhi,North,1,2024-02-16
CUST00470,Female,23,Surat,Gujarat,West,2,2023-04-15
CUST00471,Male,29,Kolkata,West Bengal,East,1,2023-07-29
CUST00472,Male,29,Ahmedabad,Gujarat,West,2,2024-09-20
CUST00473,Female,18,Pune,Maharashtra,West,1,2023-10-23
CUST00474,Female,46,Mumbai,Maharashtra,West,1,2023-12-23
CUST00475,Male,41,Hyderabad,Telangana,South,1,2023-10-06
CUST00476,Male,28,Hyderabad,Telangana,South,1,2024-03-04
CUST00477,Male,51,Bhopal,Madhya Pradesh,Central,2,2023-07-07
CUST00478,Female,19,Chandigarh,Punjab,North,2,2023-01-23
CUST00479,Female,22,Hyderabad,Telangana,South,1,2023-04-28
CUST00480,Female,28,Chennai,Tamil Nadu,South,1,2023-07-15
CUST00481,Male,35,Kochi,Kerala,South,3,2024-10-30
CUST00482,Male,43,Mumbai,Maharashtra,West,1,2024-07-29
CUST00483,Male,21,Delhi,Delhi,North,1,2023-07-23
CUST00484,Male,32,Mumbai,Maharashtra,West,1,2024-03-05
CUST00485,Male,37,Delhi,Delhi,North,1,2023-09-19
CUST00486,Male,29,Delhi,Delhi,North,1,2023-06-19
CUST00487,Male,31,Chennai,Tamil Nadu,South,1,2023-07-20
CUST00488,Male,36,Hyderabad,Telangana,South,1,2023-10-05
CUST00489,Male,28,Kolkata,West Bengal,East,1,2024-11-04
CUST00490,Male,41,Patna,Bihar,East,3,2023-04-19
CUST00491,Female,40,Hyderabad,Telangana,South,1,2024-06-16
CUST00492,Female,18,Delhi,Delhi,North,1,2024-04-27
CUST00493,Female,41,Delhi,Delhi,North,1,2024-05-23
CUST00494,Male,49,Ahmedabad,Gujarat,West,2,2023-06-14
CUST00495,Male,34,Coimbatore,Tamil Nadu,South,3,2024-09-04
CUST00496,Female,47,Nagpur,Maharashtra,West,3,2024-10-22
CUST00497,Female,35,Mumbai,Maharashtra,West,1,2023-07-03
CUST00498,Male,31,Pune,Maharashtra,West,1,2024-08-04
CUST00499,Male,38,Bengaluru,Karnataka,South,1,2024-02-21
CUST00500,Female,33,Hyderabad,Telangana,South,1,2024-04-09
CUST00501,Female,42,Chennai,Tamil Nadu,South,1,2024-11-17
CUST00502,Male,30,Nagpur,Maharashtra,West,3,2023-05-27
CUST00503,Female,52,Mumbai,Maharashtra,West,1,2024-05-08
CUST00504,Male,36,Ahmedabad,Gujarat,West,2,2023-07-23
CUST00505,Female,30,Delhi,Delhi,North,1,2023-02-26
CUST00506,Female,28,Ahmedabad,Gujarat,West,2,2024-07-02
CUST00507,Female,25,Patna,Bihar,East,3,2023-07-20
CUST00508,Male,33,Pune,Maharashtra,West,1,2024-01-19
CUST00509,Female,32,Bengaluru,Karnataka,South,1,2024-08-06
CUST00510,Female,37,Bengaluru,Karnataka,South,1,2024-10-18
CUST00511,Female,22,Lucknow,Uttar Pradesh,North,2,2023-07-07
CUST00512,Female,37,Coimbatore,Tamil Nadu,South,3,2024-03-26
CUST00513,Female,33,Hyderabad,Telangana,South,1,2023-01-27
CUST00514,Male,42,Delhi,Delhi,North,1,2024-06-16
CUST00515,Male,51,Chandigarh,Punjab,North,2,2023-01-31
CUST00516,Male,20,Ahmedabad,Gujarat,West,2,2024-07-17
CUST00517,Female,21,Chennai,Tamil Nadu,South,1,2023-02-22
CUST00518,Male,32,Chandigarh,Punjab,North,2,2024-04-10
CUST00519,Male,24,Nagpur,Maharashtra,West,3,2023-12-20
CUST00520,Female,30,Delhi,Delhi,North,1,2023-06-03
CUST00521,Male,39,Nagpur,Maharashtra,West,3,2023-03-29
CUST00522,Male,24,Bengaluru,Karnataka,South,1,2024-10-12
CUST00523,Female,30,Kolkata,West Bengal,East,1,2024-11-04
CUST00524,Female,40,Indore,Madhya Pradesh,Central,2,2024-09-15
CUST00525,Male,44,Delhi,Delhi,North,1,2024-04-15
CUST00526,Female,40,Mumbai,Maharashtra,West,1,2023-01-23
CUST00527,Female,22,Delhi,Delhi,North,1,2024-06-19
CUST00528,Male,41,Mumbai,Maharashtra,West,1,2024-10-13
CUST00529,Male,34,Pune,Maharashtra,West,1,2024-06-23
CUST00530,Male,24,Chandigarh,Punjab,North,2,2024-03-30
CUST00531,Male,35,Patna,Bihar,East,3,2023-01-31
CUST00532,Female,37,Ahmedabad,Gujarat,West,2,2023-04-10
CUST00533,Female,28,Bengaluru,Karnataka,South,1,2023-09-20
CUST00534,Male,49,Kolkata,West Bengal,East,1,2024-06-16
CUST00535,Female,34,Mumbai,Maharashtra,West,1,2023-04-28
CUST00536,Male,26,Bengaluru,Karnataka,South,1,2023-04-12
CUST00537,Female,37,Delhi,Delhi,North,1,2023-05-18
CUST00538,Female,29,Bengaluru,Karnataka,South,1,2024-06-24
CUST00539,Male,24,Pune,Maharashtra,West,1,2023-08-18
CUST00540,Female,25,Delhi,Delhi,North,1,2024-05-16
CUST00541,Male,21,Bhopal,Madhya Pradesh,Central,2,2024-11-04
CUST00542,Male,20,Surat,Gujarat,West,2,2024-06-02
CUST00543,Female,35,Mumbai,Maharashtra,West,1,2024-07-08
CUST00544,Male,38,Pune,Maharashtra,West,1,2023-08-13
CUST00545,Male,25,Delhi,Delhi,North,1,2023-02-28
CUST00546,Female,24,Pune,Maharashtra,West,1,2023-03-20
CUST00547,Female,32,Kolkata,West Bengal,East,1,2023-04-14
CUST00548,Male,34,Guwahati,Assam,East,3,2024-06-23
CUST00549,Female,35,Lucknow,Uttar Pradesh,North,2,2023-07-18
CUST00550,Female,44,Delhi,Delhi,North,1,2024-11-23
CUST00551,Female,43,Delhi,Delhi,North,1,2024-05-05
CUST00552,Male,23,Pune,Maharashtra,West,1,2023-06-08
CUST00553,Male,31,Delhi,Delhi,North,1,2023-01-05
CUST00554,Female,27,Bengaluru,Karnataka,South,1,2023-01-15
CUST00555,Female,51,Guwahati,Assam,East,3,2024-01-25
CUST00556,Male,18,Chennai,Tamil Nadu,South,1,2023-01-03
CUST00557,Male,32,Delhi,Delhi,North,1,2023-08-23
CUST00558,Male,33,Hyderabad,Telangana,South,1,2024-05-06
CUST00559,Female,18,Kochi,Kerala,South,3,2024-07-13
CUST00560,Male,33,Chennai,Tamil Nadu,South,1,2023-10-01
CUST00561,Female,24,Ahmedabad,Gujarat,West,2,2023-06-03
CUST00562,Female,43,Lucknow,Uttar Pradesh,North,2,2023-09-02
CUST00563,Female,38,Hyderabad,Telangana,South,1,2023-12-28
CUST00564,Female,20,Jaipur,Rajasthan,North,2,2023-07-06
CUST00565,Male,37,Coimbatore,Tamil Nadu,South,3,2023-02-13
CUST00566,Female,30,Bengaluru,Karnataka,South,1,2023-06-20
CUST00567,Male,28,Delhi,Delhi,North,1,2024-07-20
CUST00568,Female,31,Chennai,Tamil Nadu,South,1,2024-10-14
CUST00569,Female,19,Delhi,Delhi,North,1,2023-09-04
CUST00570,Male,18,Surat,Gujarat,West,2,2024-11-05
CUST00571,Male,18,Bengaluru,Karnataka,South,1,2023-01-17
CUST00572,Female,40,Jaipur,Rajasthan,North,2,2023-04-24
CUST00573,Female,35,Guwahati,Assam,East,3,2023-09-23
CUST00574,Male,24,Delhi,Delhi,North,1,2024-08-02
CUST00575,Female,30,Kolkata,West Bengal,East,1,2023-04-09
CUST00576,Male,22,Indore,Madhya Pradesh,Central,2,2023-06-03
CUST00577,Male,20,Chandigarh,Punjab,North,2,2023-03-25
CUST00578,Female,35,Hyderabad,Telangana,South,1,2024-09-06
CUST00579,Male,26,Hyderabad,Telangana,South,1,2023-09-28
CUST00580,Male,42,Patna,Bihar,East,3,2023-10-17
CUST00581,Male,47,Bengaluru,Karnataka,South,1,2023-10-06
CUST00582,Male,53,Kolkata,West Bengal,East,1,2024-11-30
CUST00583,Male,40,Guwahati,Assam,East,3,2024-01-26
CUST00584,Female,30,Mumbai,Maharashtra,West,1,2023-02-07
CUST00585,Female,26,Chennai,Tamil Nadu,South,1,2023-12-09
CUST00586,Female,38,Bengaluru,Karnataka,South,1,2023-07-04
CUST00587,Female,21,Bhopal,Madhya Pradesh,Central,2,2024-07-04
CUST00588,Male,33,Hyderabad,Telangana,South,1,2023-07-21
CUST00589,Male,36,Pune,Maharashtra,West,1,2024-10-12
CUST00590,Male,30,Ahmedabad,Gujarat,West,2,2024-09-26
CUST00591,Female,36,Pune,Maharashtra,West,1,2024-07-16
CUST00592,Female,39,Lucknow,Uttar Pradesh,North,2,2023-07-17
CUST00593,Male,37,Surat,Gujarat,West,2,2024-09-29
CUST00594,Female,21,Delhi,Delhi,North,1,2023-12-03
CUST00595,Male,43,Kolkata,West Bengal,East,1,2023-07-02
CUST00596,Male,18,Hyderabad,Telangana,South,1,2024-03-27
CUST00597,Female,32,Patna,Bihar,East,3,2024-05-02
CUST00598,Male,58,Lucknow,Uttar Pradesh,North,2,2023-06-17
CUST00599,Female,35,Lucknow,Uttar Pradesh,North,2,2024-01-25
CUST00600,Male,29,Bhopal,Madhya Pradesh,Central,2,2023-04-05
CUST00601,Male,42,Nagpur,Maharashtra,West,3,2023-11-09
CUST00602,Male,49,Patna,Bihar,East,3,2024-08-17
CUST00603,Male,28,Delhi,Delhi,North,1,2023-04-23
CUST00604,Male,20,Kochi,Kerala,South,3,2024-05-31
CUST00605,Male,43,Mumbai,Maharashtra,West,1,2023-02-28
CUST00606,Female,21,Mumbai,Maharashtra,West,1,2024-07-12
CUST00607,Male,45,Bhopal,Madhya Pradesh,Central,2,2024-01-26
CUST00608,Female,27,Mumbai,Maharashtra,West,1,2023-01-29
CUST00609,Male,29,Indore,Madhya Pradesh,Central,2,2024-01-27
CUST00610,Male,23,Surat,Gujarat,West,2,2024-04-18
CUST00611,Male,18,Pune,Maharashtra,West,1,2024-08-05
CUST00612,Male,30,Bengaluru,Karnataka,South,1,2024-08-08
CUST00613,Female,27,Kolkata,West Bengal,East,1,2023-08-07
CUST00614,Female,29,Kolkata,West Bengal,East,1,2024-08-18
CUST00615,Female,39,Ahmedabad,Gujarat,West,2,2023-05-14
CUST00616,Male,45,Bengaluru,Karnataka,South,1,2023-04-10
CUST00617,Male,30,Delhi,Delhi,North,1,2024-08-17
CUST00618,Male,34,Kolkata,West Bengal,East,1,2024-09-01
CUST00619,Male,37,Ahmedabad,Gujarat,West,2,2023-10-28
CUST00620,Female,31,Hyderabad,Telangana,South,1,2023-08-25
CUST00621,Male,24,Delhi,Delhi,North,1,2023-06-15
CUST00622,Female,30,Surat,Gujarat,West,2,2023-05-07
CUST00623,Male,47,Patna,Bihar,East,3,2024-01-14
CUST00624,Male,44,Ahmedabad,Gujarat,West,2,2023-06-19
CUST00625,Female,31,Jaipur,Rajasthan,North,2,2023-05-31
CUST00626,Male,29,Mumbai,Maharashtra,West,1,2023-10-26
CUST00627,Female,18,Chennai,Tamil Nadu,South,1,2023-11-10
CUST00628,Female,21,Nagpur,Maharashtra,West,3,2024-09-30
CUST00629,Male,40,Pune,Maharashtra,West,1,2024-11-16
CUST00630,Male,25,Chennai,Tamil Nadu,South,1,2024-05-23
CUST00631,Male,28,Bengaluru,Karnataka,South,1,2024-11-24
CUST00632,Male,44,Nagpur,Maharashtra,West,3,2023-05-03
CUST00633,Female,32,Chennai,Tamil Nadu,South,1,2023-09-09
CUST00634,Male,18,Bhopal,Madhya Pradesh,Central,2,2024-11-28
CUST00635,Male,25,Pune,Maharashtra,West,1,2024-07-26
CUST00636,Male,23,Lucknow,Uttar Pradesh,North,2,2023-05-01
CUST00637,Female,39,Delhi,Delhi,North,1,2024-10-06
CUST00638,Male,40,Patna,Bihar,East,3,2024-08-17
CUST00639,Female,39,Bengaluru,Karnataka,South,1,2024-03-19
CUST00640,Male,24,Mumbai,Maharashtra,West,1,2023-06-02
CUST00641,Male,38,Bhopal,Madhya Pradesh,Central,2,2024-01-24
CUST00642,Male,32,Nagpur,Maharashtra,West,3,2023-08-01
CUST00643,Female,40,Patna,Bihar,East,3,2023-02-08
CUST00644,Female,36,Coimbatore,Tamil Nadu,South,3,2024-02-18
CUST00645,Female,30,Delhi,Delhi,North,1,2024-11-07
CUST00646,Female,18,Chennai,Tamil Nadu,South,1,2023-09-04
CUST00647,Female,23,Surat,Gujarat,West,2,2023-01-18
CUST00648,Male,18,Surat,Gujarat,West,2,2024-05-13
CUST00649,Female,19,Mumbai,Maharashtra,West,1,2024-11-04
CUST00650,Female,26,Delhi,Delhi,North,1,2024-02-16
CUST00651,Female,41,Chennai,Tamil Nadu,South,1,2023-10-16
CUST00652,Female,41,Delhi,Delhi,North,1,2023-12-20
CUST00653,Female,28,Ahmedabad,Gujarat,West,2,2023-08-27
CUST00654,Male,24,Delhi,Delhi,North,1,2023-10-09
CUST00655,Male,29,Chandigarh,Punjab,North,2,2024-03-26
CUST00656,Male,31,Bhopal,Madhya Pradesh,Central,2,2024-06-20
CUST00657,Female,40,Nagpur,Maharashtra,West,3,2024-02-20
CUST00658,Female,41,Surat,Gujarat,West,2,2023-04-03
CUST00659,Male,35,Pune,Maharashtra,West,1,2024-09-21
CUST00660,Male,29,Nagpur,Maharashtra,West,3,2023-05-19
CUST00661,Male,31,Bhopal,Madhya Pradesh,Central,2,2024-03-10
CUST00662,Female,26,Delhi,Delhi,North,1,2023-10-19
CUST00663,Female,18,Ranchi,Jharkhand,East,3,2023-03-23
CUST00664,Female,37,Delhi,Delhi,North,1,2024-11-24
CUST00665,Female,43,Lucknow,Uttar Pradesh,North,2,2024-10-05
CUST00666,Female,40,Mumbai,Maharashtra,West,1,2023-08-23
CUST00667,Female,25,Hyderabad,Telangana,South,1,2024-11-01
CUST00668,Male,32,Chandigarh,Punjab,North,2,2023-09-07
CUST00669,Male,41,Hyderabad,Telangana,South,1,2024-04-24
CUST00670,Male,45,Surat,Gujarat,West,2,2024-08-05
CUST00671,Female,47,Hyderabad,Telangana,South,1,2024-03-17
CUST00672,Female,41,Nagpur,Maharashtra,West,3,2024-04-29
CUST00673,Male,26,Bengaluru,Karnataka,South,1,2024-03-20
CUST00674,Female,22,Bengaluru,Karnataka,South,1,2024-01-21
CUST00675,Female,30,Pune,Maharashtra,West,1,2023-07-26
CUST00676,Male,22,Chennai,Tamil Nadu,South,1,2023-11-14
CUST00677,Female,33,Lucknow,Uttar Pradesh,North,2,2023-08-27
CUST00678,Female,18,Patna,Bihar,East,3,2024-01-13
CUST00679,Female,38,Patna,Bihar,East,3,2024-08-08
CUST00680,Female,38,Delhi,Delhi,North,1,2023-12-06
CUST00681,Male,35,Delhi,Delhi,North,1,2024-01-27
CUST00682,Male,18,Mumbai,Maharashtra,West,1,2024-11-20
CUST00683,Female,27,Delhi,Delhi,North,1,2024-05-18
CUST00684,Female,37,Kolkata,West Bengal,East,1,2024-07-03
CUST00685,Female,31,Bengaluru,Karnataka,South,1,2023-04-01
CUST00686,Female,27,Delhi,Delhi,North,1,2024-04-03
CUST00687,Male,44,Kolkata,West Bengal,East,1,2024-05-22
CUST00688,Male,37,Mumbai,Maharashtra,West,1,2023-07-26
CUST00689,Female,47,Kochi,Kerala,South,3,2023-05-05
CUST00690,Female,27,Hyderabad,Telangana,South,1,2023-10-03
CUST00691,Female,18,Hyderabad,Telangana,South,1,2024-11-25
CUST00692,Female,19,Pune,Maharashtra,West,1,2023-04-23
CUST00693,Female,22,Pune,Maharashtra,West,1,2023-10-15
CUST00694,Male,45,Kochi,Kerala,South,3,2023-10-04
CUST00695,Male,43,Ahmedabad,Gujarat,West,2,2023-07-01
CUST00696,Female,47,Delhi,Delhi,North,1,2024-02-10
CUST00697,Female,18,Patna,Bihar,East,3,2024-10-15
CUST00698,Male,18,Jaipur,Rajasthan,North,2,2023-06-15
CUST00699,Female,27,Hyderabad,Telangana,South,1,2024-03-13
CUST00700,Female,30,Mumbai,Maharashtra,West,1,2023-10-23
CUST00701,Female,35,Ahmedabad,Gujarat,West,2,2024-03-14
CUST00702,Male,28,Nagpur,Maharashtra,West,3,2023-06-04
CUST00703,Female,34,Bhopal,Madhya Pradesh,Central,2,2023-06-28
CUST00704,Male,32,Chennai,Tamil Nadu,South,1,2024-08-29
CUST00705,Female,30,Hyderabad,Telangana,South,1,2023-11-05
CUST00706,Male,25,Mumbai,Maharashtra,West,1,2023-12-30
CUST00707,Male,28,Mumbai,Maharashtra,West,1,2024-07-17
CUST00708,Male,27,Ahmedabad,Gujarat,West,2,2023-04-03
CUST00709,Male,33,Bengaluru,Karnataka,South,1,2023-02-18
CUST00710,Male,34,Mumbai,Maharashtra,West,1,2024-01-11
CUST00711,Male,33,Bengaluru,Karnataka,South,1,2023-10-29
CUST00712,Male,56,Delhi,Delhi,North,1,2023-12-21
CUST00713,Male,21,Nagpur,Maharashtra,West,3,2023-03-06
CUST00714,Female,18,Lucknow,Uttar Pradesh,North,2,2024-11-18
CUST00715,Male,29,Jaipur,Rajasthan,North,2,2023-04-16
CUST00716,Female,39,Delhi,Delhi,North,1,2023-03-23
CUST00717,Male,29,Kolkata,West Bengal,East,1,2023-02-07
CUST00718,Male,41,Bengaluru,Karnataka,South,1,2023-07-06
CUST00719,Female,41,Delhi,Delhi,North,1,2023-08-17
CUST00720,Female,32,Hyderabad,Telangana,South,1,2024-07-04
CUST00721,Male,23,Bengaluru,Karnataka,South,1,2023-07-10
CUST00722,Female,25,Delhi,Delhi,North,1,2024-02-10
CUST00723,Male,43,Kolkata,West Bengal,East,1,2023-07-04
CUST00724,Male,24,Kolkata,West Bengal,East,1,2023-11-04
CUST00725,Male,36,Delhi,Delhi,North,1,2024-08-18
CUST00726,Male,43,Surat,Gujarat,West,2,2024-04-25
CUST00727,Male,23,Bengaluru,Karnataka,South,1,2023-11-24
CUST00728,Male,25,Bengaluru,Karnataka,South,1,2024-11-29
CUST00729,Female,48,Chandigarh,Punjab,North,2,2023-09-29
CUST00730,Female,33,Kochi,Kerala,South,3,2024-05-12
CUST00731,Male,53,Delhi,Delhi,North,1,2024-08-28
CUST00732,Male,33,Indore,Madhya Pradesh,Central,2,2023-12-30
CUST00733,Female,25,Mumbai,Maharashtra,West,1,2024-02-21
CUST00734,Male,38,Hyderabad,Telangana,South,1,2023-05-20
CUST00735,Female,20,Ahmedabad,Gujarat,West,2,2023-03-13
CUST00736,Female,36,Mumbai,Maharashtra,West,1,2024-09-06
CUST00737,Male,32,Bengaluru,Karnataka,South,1,2024-02-28
CUST00738,Male,43,Chandigarh,Punjab,North,2,2023-08-15
CUST00739,Female,38,Hyderabad,Telangana,South,1,2024-03-25
CUST00740,Female,18,Jaipur,Rajasthan,North,2,2023-01-28
CUST00741,Female,26,Nagpur,Maharashtra,West,3,2024-08-02
CUST00742,Male,18,Jaipur,Rajasthan,North,2,2023-04-15
CUST00743,Male,18,Bhopal,Madhya Pradesh,Central,2,2023-09-09
CUST00744,Male,28,Hyderabad,Telangana,South,1,2024-08-31
CUST00745,Male,22,Hyderabad,Telangana,South,1,2024-05-06
CUST00746,Male,40,Hyderabad,Telangana,South,1,2024-06-20
CUST00747,Female,36,Mumbai,Maharashtra,West,1,2024-09-21
CUST00748,Female,45,Indore,Madhya Pradesh,Central,2,2023-01-05
CUST00749,Female,18,Bhopal,Madhya Pradesh,Central,2,2023-06-12
CUST00750,Male,18,Nagpur,Maharashtra,West,3,2023-05-20
CUST00751,Female,33,Lucknow,Uttar Pradesh,North,2,2023-05-09
CUST00752,Female,37,Coimbatore,Tamil Nadu,South,3,2024-09-19
CUST00753,Female,35,Pune,Maharashtra,West,1,2023-10-21
CUST00754,Male,26,Ahmedabad,Gujarat,West,2,2023-03-11
CUST00755,Female,49,Surat,Gujarat,West,2,2023-04-01
CUST00756,Female,39,Indore,Madhya Pradesh,Central,2,2023-08-30
CUST00757,Male,21,Mumbai,Maharashtra,West,1,2023-07-22
CUST00758,Male,53,Delhi,Delhi,North,1,2023-08-25
CUST00759,Male,35,Nagpur,Maharashtra,West,3,2024-05-28
CUST00760,Female,50,Mumbai,Maharashtra,West,1,2024-08-24
CUST00761,Female,26,Kolkata,West Bengal,East,1,2024-03-13
CUST00762,Male,28,Delhi,Delhi,North,1,2024-08-10
CUST00763,Female,41,Ranchi,Jharkhand,East,3,2024-01-20
CUST00764,Female,27,Patna,Bihar,East,3,2024-11-08
CUST00765,Male,28,Delhi,Delhi,North,1,2024-06-12
CUST00766,Male,41,Indore,Madhya Pradesh,Central,2,2023-06-12
CUST00767,Male,35,Bhopal,Madhya Pradesh,Central,2,2024-05-23
CUST00768,Male,30,Delhi,Delhi,North,1,2024-07-23
CUST00769,Male,42,Mumbai,Maharashtra,West,1,2023-01-05
CUST00770,Male,45,Hyderabad,Telangana,South,1,2023-09-06
CUST00771,Female,26,Chennai,Tamil Nadu,South,1,2024-02-03
CUST00772,Female,34,Hyderabad,Telangana,South,1,2024-09-03
CUST00773,Female,31,Mumbai,Maharashtra,West,1,2023-11-13
CUST00774,Male,36,Surat,Gujarat,West,2,2023-05-08
CUST00775,Female,28,Hyderabad,Telangana,South,1,2023-07-06
CUST00776,Male,27,Pune,Maharashtra,West,1,2023-07-13
CUST00777,Male,18,Pune,Maharashtra,West,1,2023-06-20
CUST00778,Male,26,Bengaluru,Karnataka,South,1,2024-04-02
CUST00779,Female,34,Chandigarh,Punjab,North,2,2024-02-27
CUST00780,Male,29,Pune,Maharashtra,West,1,2024-09-25
CUST00781,Female,53,Chandigarh,Punjab,North,2,2023-01-06
CUST00782,Female,18,Bengaluru,Karnataka,South,1,2023-07-31
CUST00783,Female,31,Kolkata,West Bengal,East,1,2023-04-16
CUST00784,Female,35,Surat,Gujarat,West,2,2024-02-20
CUST00785,Male,46,Kochi,Kerala,South,3,2023-05-30
CUST00786,Male,41,Jaipur,Rajasthan,North,2,2023-04-23
CUST00787,Male,18,Mumbai,Maharashtra,West,1,2023-05-05
CUST00788,Male,43,Delhi,Delhi,North,1,2023-08-25
CUST00789,Male,41,Bhopal,Madhya Pradesh,Central,2,2024-05-04
CUST00790,Female,46,Delhi,Delhi,North,1,2023-04-09
CUST00791,Male,30,Kochi,Kerala,South,3,2024-05-17
CUST00792,Male,31,Coimbatore,Tamil Nadu,South,3,2023-07-06
CUST00793,Female,40,Bhopal,Madhya Pradesh,Central,2,2024-03-06
CUST00794,Female,18,Mumbai,Maharashtra,West,1,2024-04-18
CUST00795,Male,21,Bengaluru,Karnataka,South,1,2023-09-20
CUST00796,Female,29,Delhi,Delhi,North,1,2024-04-09
CUST00797,Female,18,Indore,Madhya Pradesh,Central,2,2024-09-21
CUST00798,Female,28,Hyderabad,Telangana,South,1,2023-08-16
CUST00799,Female,30,Delhi,Delhi,North,1,2023-01-21
CUST00800,Male,30,Bengaluru,Karnataka,South,1,2023-06-13
CUST00801,Female,36,Delhi,Delhi,North,1,2023-01-30
CUST00802,Male,21,Bengaluru,Karnataka,South,1,2024-06-17
CUST00803,Female,36,Delhi,Delhi,North,1,2024-07-03
CUST00804,Female,40,Patna,Bihar,East,3,2024-05-31
CUST00805,Female,40,Hyderabad,Telangana,South,1,2023-10-27
CUST00806,Female,48,Coimbatore,Tamil Nadu,South,3,2023-12-05
CUST00807,Male,42,Chennai,Tamil Nadu,South,1,2023-05-18
CUST00808,Male,33,Delhi,Delhi,North,1,2023-09-02
CUST00809,Male,23,Delhi,Delhi,North,1,2023-12-07
CUST00810,Male,25,Chandigarh,Punjab,North,2,2024-01-21
CUST00811,Female,38,Mumbai,Maharashtra,West,1,2023-10-23
CUST00812,Male,31,Bengaluru,Karnataka,South,1,2023-12-27
CUST00813,Female,29,Ahmedabad,Gujarat,West,2,2023-08-25
CUST00814,Male,18,Indore,Madhya Pradesh,Central,2,2024-02-28
CUST00815,Male,22,Ahmedabad,Gujarat,West,2,2024-05-19
CUST00816,Female,49,Kolkata,West Bengal,East,1,2024-02-12
CUST00817,Female,46,Bhopal,Madhya Pradesh,Central,2,2023-07-13
CUST00818,Female,49,Pune,Maharashtra,West,1,2024-09-13
CUST00819,Male,39,Hyderabad,Telangana,South,1,2023-05-08
CUST00820,Female,38,Ranchi,Jharkhand,East,3,2024-03-15
CUST00821,Male,29,Jaipur,Rajasthan,North,2,2024-06-13
CUST00822,Female,33,Indore,Madhya Pradesh,Central,2,2024-10-22
CUST00823,Female,18,Mumbai,Maharashtra,West,1,2024-01-31
CUST00824,Male,38,Delhi,Delhi,North,1,2024-07-09
CUST00825,Female,22,Pune,Maharashtra,West,1,2023-04-19
CUST00826,Male,22,Nagpur,Maharashtra,West,3,2023-09-02
CUST00827,Female,32,Bengaluru,Karnataka,South,1,2023-07-09
CUST00828,Male,36,Pune,Maharashtra,West,1,2023-11-22
CUST00829,Male,21,Jaipur,Rajasthan,North,2,2024-05-22
CUST00830,Male,31,Mumbai,Maharashtra,West,1,2024-07-19
CUST00831,Male,29,Nagpur,Maharashtra,West,3,2024-09-02
CUST00832,Female,18,Bengaluru,Karnataka,South,1,2023-11-22
CUST00833,Female,41,Hyderabad,Telangana,South,1,2023-07-07
CUST00834,Female,41,Surat,Gujarat,West,2,2023-08-31
CUST00835,Female,31,Ahmedabad,Gujarat,West,2,2024-10-14
CUST00836,Male,18,Bhopal,Madhya Pradesh,Central,2,2023-02-12
CUST00837,Female,24,Guwahati,Assam,East,3,2024-09-18
CUST00838,Male,32,Mumbai,Maharashtra,West,1,2024-07-04
CUST00839,Female,18,Mumbai,Maharashtra,West,1,2024-10-27
CUST00840,Female,33,Hyderabad,Telangana,South,1,2024-01-04
CUST00841,Female,25,Bhopal,Madhya Pradesh,Central,2,2024-03-18
CUST00842,Male,42,Kochi,Kerala,South,3,2024-02-25
CUST00843,Male,32,Mumbai,Maharashtra,West,1,2024-08-23
CUST00844,Male,35,Indore,Madhya Pradesh,Central,2,2023-01-07
CUST00845,Male,18,Kochi,Kerala,South,3,2023-08-03
CUST00846,Male,40,Patna,Bihar,East,3,2024-06-24
CUST00847,Male,21,Delhi,Delhi,North,1,2023-12-14
CUST00848,Male,18,Delhi,Delhi,North,1,2023-08-05
CUST00849,Male,18,Jaipur,Rajasthan,North,2,2024-07-29
CUST00850,Male,21,Surat,Gujarat,West,2,2023-06-18
CUST00851,Male,29,Pune,Maharashtra,West,1,2023-11-02
CUST00852,Male,23,Delhi,Delhi,North,1,2024-10-05
CUST00853,Male,29,Kolkata,West Bengal,East,1,2024-04-22
CUST00854,Female,27,Bengaluru,Karnataka,South,1,2024-09-26
CUST00855,Male,30,Delhi,Delhi,North,1,2023-06-05
CUST00856,Male,21,Kolkata,West Bengal,East,1,2024-06-12
CUST00857,Male,52,Chennai,Tamil Nadu,South,1,2024-05-03
CUST00858,Male,28,Patna,Bihar,East,3,2024-06-13
CUST00859,Female,37,Jaipur,Rajasthan,North,2,2024-01-18
CUST00860,Male,24,Mumbai,Maharashtra,West,1,2024-08-20
CUST00861,Male,25,Ranchi,Jharkhand,East,3,2024-06-25
CUST00862,Male,28,Chennai,Tamil Nadu,South,1,2024-11-22
CUST00863,Male,29,Delhi,Delhi,North,1,2023-05-15
CUST00864,Male,18,Mumbai,Maharashtra,West,1,2024-01-13
CUST00865,Female,35,Bengaluru,Karnataka,South,1,2023-04-08
CUST00866,Male,41,Bhopal,Madhya Pradesh,Central,2,2023-07-04
CUST00867,Male,41,Coimbatore,Tamil Nadu,South,3,2024-11-09
CUST00868,Female,49,Delhi,Delhi,North,1,2024-02-20
CUST00869,Female,30,Bengaluru,Karnataka,South,1,2024-03-18
CUST00870,Male,24,Delhi,Delhi,North,1,2023-12-05
CUST00871,Male,18,Kolkata,West Bengal,East,1,2024-01-31
CUST00872,Male,28,Patna,Bihar,East,3,2023-12-06
CUST00873,Female,33,Mumbai,Maharashtra,West,1,2023-05-16
CUST00874,Male,41,Kochi,Kerala,South,3,2023-11-23
CUST00875,Male,40,Delhi,Delhi,North,1,2024-02-12
CUST00876,Male,18,Chennai,Tamil Nadu,South,1,2024-01-04
CUST00877,Female,41,Delhi,Delhi,North,1,2024-10-27
CUST00878,Female,40,Mumbai,Maharashtra,West,1,2023-07-09
CUST00879,Male,42,Mumbai,Maharashtra,West,1,2024-03-19
CUST00880,Male,25,Chennai,Tamil Nadu,South,1,2024-04-12
CUST00881,Female,20,Ranchi,Jharkhand,East,3,2023-11-19
CUST00882,Female,31,Mumbai,Maharashtra,West,1,2024-01-02
CUST00883,Male,23,Mumbai,Maharashtra,West,1,2023-06-24
CUST00884,Female,20,Chandigarh,Punjab,North,2,2023-02-04
CUST00885,Male,34,Kochi,Kerala,South,3,2024-07-10
CUST00886,Female,31,Delhi,Delhi,North,1,2024-05-16
CUST00887,Male,27,Bengaluru,Karnataka,South,1,2024-11-29
CUST00888,Female,50,Jaipur,Rajasthan,North,2,2024-09-29
CUST00889,Male,44,Delhi,Delhi,North,1,2024-02-23
CUST00890,Female,21,Pune,Maharashtra,West,1,2023-12-18
CUST00891,Male,22,Kolkata,West Bengal,East,1,2023-08-13
CUST00892,Male,25,Mumbai,Maharashtra,West,1,2023-10-30
CUST00893,Male,27,Chandigarh,Punjab,North,2,2023-12-06
CUST00894,Male,45,Delhi,Delhi,North,1,2023-10-23
CUST00895,Male,23,Delhi,Delhi,North,1,2023-04-11
CUST00896,Male,37,Bengaluru,Karnataka,South,1,2023-10-24
CUST00897,Female,30,Surat,Gujarat,West,2,2023-03-16
CUST00898,Male,20,Mumbai,Maharashtra,West,1,2023-05-26
CUST00899,Male,40,Delhi,Delhi,North,1,2023-02-04
CUST00900,Female,33,Kolkata,West Bengal,East,1,2023-01-25
CUST00901,Male,24,Kolkata,West Bengal,East,1,2024-04-25
CUST00902,Male,22,Kolkata,West Bengal,East,1,2024-10-07
CUST00903,Male,18,Patna,Bihar,East,3,2024-05-05
CUST00904,Male,32,Bengaluru,Karnataka,South,1,2024-01-16
CUST00905,Male,24,Ahmedabad,Gujarat,West,2,2024-06-04
CUST00906,Female,21,Kolkata,West Bengal,East,1,2023-03-10
CUST00907,Female,23,Jaipur,Rajasthan,North,2,2024-08-27
CUST00908,Male,41,Nagpur,Maharashtra,West,3,2024-05-10
CUST00909,Male,32,Delhi,Delhi,North,1,2023-09-24
CUST00910,Male,42,Jaipur,Rajasthan,North,2,2023-03-15
CUST00911,Female,37,Pune,Maharashtra,West,1,2024-07-25
CUST00912,Male,33,Bengaluru,Karnataka,South,1,2023-06-28
CUST00913,Female,36,Delhi,Delhi,North,1,2023-07-02
CUST00914,Male,46,Delhi,Delhi,North,1,2024-08-04
CUST00915,Male,32,Delhi,Delhi,North,1,2023-07-11
CUST00916,Male,29,Indore,Madhya Pradesh,Central,2,2024-01-19
CUST00917,Male,30,Surat,Gujarat,West,2,2024-06-30
CUST00918,Male,36,Hyderabad,Telangana,South,1,2023-05-24
CUST00919,Female,39,Bengaluru,Karnataka,South,1,2024-08-14
CUST00920,Female,28,Coimbatore,Tamil Nadu,South,3,2024-06-29
CUST00921,Male,51,Mumbai,Maharashtra,West,1,2023-05-14
CUST00922,Male,32,Pune,Maharashtra,West,1,2023-04-25
CUST00923,Female,42,Delhi,Delhi,North,1,2023-07-08
CUST00924,Male,20,Surat,Gujarat,West,2,2023-11-24
CUST00925,Female,39,Bhopal,Madhya Pradesh,Central,2,2023-11-23
CUST00926,Male,42,Bengaluru,Karnataka,South,1,2024-01-14
CUST00927,Female,21,Coimbatore,Tamil Nadu,South,3,2023-01-01
CUST00928,Female,28,Patna,Bihar,East,3,2024-11-20
CUST00929,Female,36,Bengaluru,Karnataka,South,1,2023-07-28
CUST00930,Female,39,Mumbai,Maharashtra,West,1,2023-04-26
CUST00931,Female,30,Indore,Madhya Pradesh,Central,2,2023-04-05
CUST00932,Male,23,Nagpur,Maharashtra,West,3,2023-12-01
CUST00933,Male,30,Coimbatore,Tamil Nadu,South,3,2023-09-04
CUST00934,Female,34,Chandigarh,Punjab,North,2,2023-12-18
CUST00935,Male,20,Indore,Madhya Pradesh,Central,2,2023-01-01
CUST00936,Male,32,Delhi,Delhi,North,1,2024-04-21
CUST00937,Male,33,Chennai,Tamil Nadu,South,1,2023-01-14
CUST00938,Male,26,Kolkata,West Bengal,East,1,2023-04-03
CUST00939,Female,21,Patna,Bihar,East,3,2024-04-29
CUST00940,Female,18,Bengaluru,Karnataka,South,1,2023-05-10
CUST00941,Male,29,Surat,Gujarat,West,2,2024-08-15
CUST00942,Female,37,Mumbai,Maharashtra,West,1,2024-05-02
CUST00943,Male,36,Mumbai,Maharashtra,West,1,2024-09-03
CUST00944,Female,38,Surat,Gujarat,West,2,2024-08-31
CUST00945,Male,33,Chennai,Tamil Nadu,South,1,2023-08-04
CUST00946,Male,29,Lucknow,Uttar Pradesh,North,2,2023-04-16
CUST00947,Female,39,Ranchi,Jharkhand,East,3,2024-04-08
CUST00948,Male,19,Mumbai,Maharashtra,West,1,2024-11-24
CUST00949,Female,31,Jaipur,Rajasthan,North,2,2024-03-01
CUST00950,Female,32,Pune,Maharashtra,West,1,2023-03-12
CUST00951,Female,41,Surat,Gujarat,West,2,2024-04-14
CUST00952,Male,29,Bengaluru,Karnataka,South,1,2024-04-18
CUST00953,Male,33,Hyderabad,Telangana,South,1,2024-03-10
CUST00954,Male,21,Delhi,Delhi,North,1,2024-11-27
CUST00955,Female,34,Hyderabad,Telangana,South,1,2024-06-17
CUST00956,Male,47,Coimbatore,Tamil Nadu,South,3,2023-06-07
CUST00957,Female,34,Bengaluru,Karnataka,South,1,2024-02-02
CUST00958,Female,36,Bengaluru,Karnataka,South,1,2024-07-22
CUST00959,Male,47,Delhi,Delhi,North,1,2024-04-21
CUST00960,Male,30,Delhi,Delhi,North,1,2023-03-02
CUST00961,Female,26,Delhi,Delhi,North,1,2024-09-03
CUST00962,Male,23,Bengaluru,Karnataka,South,1,2024-03-27
CUST00963,Male,45,Kolkata,West Bengal,East,1,2023-01-02
CUST00964,Male,32,Surat,Gujarat,West,2,2023-12-06
CUST00965,Male,28,Hyderabad,Telangana,South,1,2023-07-30
CUST00966,Male,30,Delhi,Delhi,North,1,2023-08-07
CUST00967,Female,18,Chandigarh,Punjab,North,2,2024-08-31
CUST00968,Male,18,Chandigarh,Punjab,North,2,2024-08-01
CUST00969,Female,36,Kochi,Kerala,South,3,2024-10-24
CUST00970,Female,33,Patna,Bihar,East,3,2024-07-26
CUST00971,Female,18,Hyderabad,Telangana,South,1,2024-08-05
CUST00972,Male,34,Chennai,Tamil Nadu,South,1,2024-09-18
CUST00973,Male,39,Ahmedabad,Gujarat,West,2,2023-02-25
CUST00974,Male,40,Delhi,Delhi,North,1,2023-07-06
CUST00975,Male,25,Mumbai,Maharashtra,West,1,2023-07-18
CUST00976,Male,30,Kolkata,West Bengal,East,1,2023-03-15
CUST00977,Male,27,Mumbai,Maharashtra,West,1,2023-02-10
CUST00978,Male,29,Indore,Madhya Pradesh,Central,2,2023-05-10
CUST00979,Female,46,Patna,Bihar,East,3,2023-12-03
CUST00980,Male,37,Bengaluru,Karnataka,South,1,2024-11-25
CUST00981,Female,22,Nagpur,Maharashtra,West,3,2024-07-07
CUST00982,Female,18,Chandigarh,Punjab,North,2,2023-05-12
CUST00983,Male,18,Kolkata,West Bengal,East,1,2023-04-17
CUST00984,Male,31,Nagpur,Maharashtra,West,3,2024-06-21
CUST00985,Male,32,Kochi,Kerala,South,3,2023-12-04
CUST00986,Male,39,Bengaluru,Karnataka,South,1,2024-08-10
CUST00987,Female,36,Chennai,Tamil Nadu,South,1,2024-07-20
CUST00988,Male,43,Hyderabad,Telangana,South,1,2024-02-12
CUST00989,Male,22,Mumbai,Maharashtra,West,1,2023-09-23
CUST00990,Female,53,Ahmedabad,Gujarat,West,2,2023-05-28
CUST00991,Male,31,Pune,Maharashtra,West,1,2023-03-31
CUST00992,Female,29,Mumbai,Maharashtra,West,1,2023-03-09
CUST00993,Female,52,Chennai,Tamil Nadu,South,1,2023-10-13
CUST00994,Male,38,Jaipur,Rajasthan,North,2,2023-10-09
CUST00995,Male,22,Mumbai,Maharashtra,West,1,2024-04-01
CUST00996,Female,29,Surat,Gujarat,West,2,2023-10-03
CUST00997,Male,35,Surat,Gujarat,West,2,2023-11-18
CUST00998,Male,30,Pune,Maharashtra,West,1,2023-07-11
CUST00999,Male,42,Coimbatore,Tamil Nadu,South,3,2023-09-03
CUST01000,Male,31,Hyderabad,Telangana,South,1,2023-06-04
CUST01001,Male,36,Hyderabad,Telangana,South,1,2023-03-10
CUST01002,Male,24,Pune,Maharashtra,West,1,2023-09-28
CUST01003,Female,33,Pune,Maharashtra,West,1,2023-05-29
CUST01004,Female,34,Bengaluru,Karnataka,South,1,2024-05-17
CUST01005,Female,33,Pune,Maharashtra,West,1,2023-08-26
CUST01006,Female,30,Patna,Bihar,East,3,2024-05-30
CUST01007,Female,32,Lucknow,Uttar Pradesh,North,2,2023-05-01
CUST01008,Male,33,Kolkata,West Bengal,East,1,2024-01-27
CUST01009,Male,34,Mumbai,Maharashtra,West,1,2024-10-13
CUST01010,Female,18,Delhi,Delhi,North,1,2023-07-31
CUST01011,Male,35,Hyderabad,Telangana,South,1,2023-09-10
CUST01012,Male,18,Hyderabad,Telangana,South,1,2024-11-09
CUST01013,Male,18,Bengaluru,Karnataka,South,1,2024-02-14
CUST01014,Female,29,Indore,Madhya Pradesh,Central,2,2024-01-13
CUST01015,Female,53,Mumbai,Maharashtra,West,1,2024-07-16
CUST01016,Female,35,Bengaluru,Karnataka,South,1,2024-03-18
CUST01017,Male,23,Chennai,Tamil Nadu,South,1,2023-10-25
CUST01018,Male,33,Mumbai,Maharashtra,West,1,2023-06-29
CUST01019,Female,27,Lucknow,Uttar Pradesh,North,2,2024-03-30
CUST01020,Female,18,Mumbai,Maharashtra,West,1,2024-03-10
CUST01021,Female,27,Hyderabad,Telangana,South,1,2023-03-29
CUST01022,Female,19,Ranchi,Jharkhand,East,3,2023-07-13
CUST01023,Female,21,Kolkata,West Bengal,East,1,2024-08-23
CUST01024,Male,18,Chandigarh,Punjab,North,2,2023-11-06
CUST01025,Female,18,Chennai,Tamil Nadu,South,1,2024-06-13
CUST01026,Male,34,Hyderabad,Telangana,South,1,2023-03-31
CUST01027,Male,25,Surat,Gujarat,West,2,2023-04-18
CUST01028,Male,33,Jaipur,Rajasthan,North,2,2023-10-09
CUST01029,Male,34,Mumbai,Maharashtra,West,1,2023-09-11
CUST01030,Male,39,Indore,Madhya Pradesh,Central,2,2023-06-18
CUST01031,Male,40,Delhi,Delhi,North,1,2024-09-30
CUST01032,Female,18,Delhi,Delhi,North,1,2024-07-30
CUST01033,Male,28,Kochi,Kerala,South,3,2024-10-24
CUST01034,Female,29,Delhi,Delhi,North,1,2023-07-08
CUST01035,Male,18,Bhopal,Madhya Pradesh,Central,2,2024-02-13
CUST01036,Male,33,Ahmedabad,Gujarat,West,2,2023-10-11
CUST01037,Female,37,Kochi,Kerala,South,3,2024-09-06
CUST01038,Female,30,Bengaluru,Karnataka,South,1,2024-06-28
CUST01039,Female,30,Indore,Madhya Pradesh,Central,2,2023-11-03
CUST01040,Female,32,Hyderabad,Telangana,South,1,2023-11-03
CUST01041,Male,45,Indore,Madhya Pradesh,Central,2,2023-10-08
CUST01042,Male,43,Coimbatore,Tamil Nadu,South,3,2024-05-24
CUST01043,Male,35,Chandigarh,Punjab,North,2,2024-02-29
CUST01044,Male,30,Bengaluru,Karnataka,South,1,2024-05-27
CUST01045,Male,47,Hyderabad,Telangana,South,1,2024-11-16
CUST01046,Female,41,Chennai,Tamil Nadu,South,1,2024-03-08
CUST01047,Female,31,Bengaluru,Karnataka,South,1,2024-07-14
CUST01048,Female,28,Guwahati,Assam,East,3,2023-02-20
CUST01049,Female,30,Chennai,Tamil Nadu,South,1,2024-04-18
CUST01050,Female,41,Chennai,Tamil Nadu,South,1,2024-02-24
CUST01051,Male,29,Coimbatore,Tamil Nadu,South,3,2024-05-17
CUST01052,Female,35,Delhi,Delhi,North,1,2023-03-25
CUST01053,Female,23,Pune,Maharashtra,West,1,2023-05-25
CUST01054,Male,26,Delhi,Delhi,North,1,2024-04-12
CUST01055,Male,18,Bengaluru,Karnataka,South,1,2024-03-03
CUST01056,Male,27,Mumbai,Maharashtra,West,1,2024-01-29
CUST01057,Female,24,Lucknow,Uttar Pradesh,North,2,2024-02-09
CUST01058,Male,26,Mumbai,Maharashtra,West,1,2023-05-25
CUST01059,Male,36,Chennai,Tamil Nadu,South,1,2024-03-20
CUST01060,Female,18,Mumbai,Maharashtra,West,1,2024-08-31
CUST01061,Female,29,Ranchi,Jharkhand,East,3,2024-09-11
CUST01062,Female,38,Ahmedabad,Gujarat,West,2,2023-05-07
CUST01063,Female,34,Mumbai,Maharashtra,West,1,2024-04-30
CUST01064,Female,22,Bengaluru,Karnataka,South,1,2024-08-27
CUST01065,Male,30,Kolkata,West Bengal,East,1,2024-03-01
CUST01066,Male,21,Pune,Maharashtra,West,1,2023-02-24
CUST01067,Female,39,Nagpur,Maharashtra,West,3,2023-07-03
CUST01068,Female,18,Indore,Madhya Pradesh,Central,2,2024-05-23
CUST01069,Male,48,Mumbai,Maharashtra,West,1,2024-07-07
CUST01070,Female,27,Surat,Gujarat,West,2,2024-02-27
CUST01071,Male,54,Bengaluru,Karnataka,South,1,2024-07-04
CUST01072,Male,31,Bengaluru,Karnataka,South,1,2023-11-03
CUST01073,Female,28,Mumbai,Maharashtra,West,1,2023-07-29
CUST01074,Male,21,Hyderabad,Telangana,South,1,2023-09-09
CUST01075,Male,26,Hyderabad,Telangana,South,1,2024-02-23
CUST01076,Male,38,Delhi,Delhi,North,1,2024-10-02
CUST01077,Male,32,Delhi,Delhi,North,1,2023-04-13
CUST01078,Male,36,Coimbatore,Tamil Nadu,South,3,2024-11-09
CUST01079,Male,31,Chennai,Tamil Nadu,South,1,2024-04-23
CUST01080,Female,24,Hyderabad,Telangana,South,1,2024-05-08
CUST01081,Female,31,Kolkata,West Bengal,East,1,2024-02-02
CUST01082,Male,36,Bengaluru,Karnataka,South,1,2023-08-23
CUST01083,Female,35,Delhi,Delhi,North,1,2024-11-08
CUST01084,Male,26,Mumbai,Maharashtra,West,1,2024-09-09
CUST01085,Male,42,Bengaluru,Karnataka,South,1,2024-10-19
CUST01086,Male,37,Hyderabad,Telangana,South,1,2024-04-23
CUST01087,Female,24,Pune,Maharashtra,West,1,2024-11-04
CUST01088,Male,38,Coimbatore,Tamil Nadu,South,3,2023-03-19
CUST01089,Female,42,Bengaluru,Karnataka,South,1,2024-05-29
CUST01090,Female,18,Pune,Maharashtra,West,1,2023-01-04
CUST01091,Male,21,Bengaluru,Karnataka,South,1,2023-11-21
CUST01092,Female,32,Coimbatore,Tamil Nadu,South,3,2023-06-01
CUST01093,Male,27,Bengaluru,Karnataka,South,1,2023-06-17
CUST01094,Female,18,Mumbai,Maharashtra,West,1,2023-05-21
CUST01095,Female,25,Bengaluru,Karnataka,South,1,2023-12-21
CUST01096,Male,38,Delhi,Delhi,North,1,2024-04-18
CUST01097,Female,38,Coimbatore,Tamil Nadu,South,3,2024-03-19
CUST01098,Male,21,Ahmedabad,Gujarat,West,2,2023-04-30
CUST01099,Male,39,Chennai,Tamil Nadu,South,1,2024-10-01
CUST01100,Female,18,Nagpur,Maharashtra,West,3,2023-07-03
CUST01101,Male,23,Chennai,Tamil Nadu,South,1,2024-06-26
CUST01102,Male,26,Pune,Maharashtra,West,1,2024-03-16
CUST01103,Female,26,Kolkata,West Bengal,East,1,2024-07-04
CUST01104,Female,34,Chandigarh,Punjab,North,2,2024-10-03
CUST01105,Female,26,Chennai,Tamil Nadu,South,1,2024-01-04
CUST01106,Female,50,Pune,Maharashtra,West,1,2023-06-15
CUST01107,Male,33,Pune,Maharashtra,West,1,2024-10-11
CUST01108,Male,23,Pune,Maharashtra,West,1,2024-05-28
CUST01109,Male,38,Mumbai,Maharashtra,West,1,2024-01-10
CUST01110,Male,43,Bengaluru,Karnataka,South,1,2024-05-07
CUST01111,Male,36,Delhi,Delhi,North,1,2024-07-18
CUST01112,Female,18,Kolkata,West Bengal,East,1,2024-07-29
CUST01113,Female,18,Hyderabad,Telangana,South,1,2023-01-03
CUST01114,Female,22,Mumbai,Maharashtra,West,1,2023-06-13
CUST01115,Male,38,Ahmedabad,Gujarat,West,2,2024-09-02
CUST01116,Male,39,Kolkata,West Bengal,East,1,2023-02-20
CUST01117,Male,25,Kolkata,West Bengal,East,1,2024-08-03
CUST01118,Male,18,Indore,Madhya Pradesh,Central,2,2024-05-09
CUST01119,Female,23,Chennai,Tamil Nadu,South,1,2023-08-06
CUST01120,Male,40,Bengaluru,Karnataka,South,1,2023-09-28
CUST01121,Male,24,Kolkata,West Bengal,East,1,2023-02-16
CUST01122,Female,31,Jaipur,Rajasthan,North,2,2024-11-08
CUST01123,Male,19,Delhi,Delhi,North,1,2023-08-05
CUST01124,Male,34,Mumbai,Maharashtra,West,1,2024-01-06
CUST01125,Male,37,Lucknow,Uttar Pradesh,North,2,2023-09-21
CUST01126,Female,18,Mumbai,Maharashtra,West,1,2024-10-27
CUST01127,Male,42,Nagpur,Maharashtra,West,3,2023-12-31
CUST01128,Male,34,Mumbai,Maharashtra,West,1,2024-02-16
CUST01129,Female,38,Ranchi,Jharkhand,East,3,2024-05-19
CUST01130,Male,44,Kolkata,West Bengal,East,1,2023-08-09
CUST01131,Male,37,Hyderabad,Telangana,South,1,2023-10-10
CUST01132,Male,44,Mumbai,Maharashtra,West,1,2024-03-01
CUST01133,Female,33,Patna,Bihar,East,3,2024-09-28
CUST01134,Female,27,Bhopal,Madhya Pradesh,Central,2,2024-10-23
CUST01135,Male,37,Bengaluru,Karnataka,South,1,2024-07-30
CUST01136,Male,26,Chandigarh,Punjab,North,2,2023-08-04
CUST01137,Female,37,Indore,Madhya Pradesh,Central,2,2024-03-24
CUST01138,Female,25,Bengaluru,Karnataka,South,1,2023-07-26
CUST01139,Female,18,Kolkata,West Bengal,East,1,2023-04-25
CUST01140,Female,29,Nagpur,Maharashtra,West,3,2023-06-10
CUST01141,Female,23,Indore,Madhya Pradesh,Central,2,2024-03-30
CUST01142,Male,37,Pune,Maharashtra,West,1,2023-07-07
CUST01143,Male,28,Mumbai,Maharashtra,West,1,2024-03-14
CUST01144,Female,35,Delhi,Delhi,North,1,2024-09-10
CUST01145,Female,44,Pune,Maharashtra,West,1,2023-03-09
CUST01146,Male,20,Pune,Maharashtra,West,1,2023-01-21
CUST01147,Male,33,Mumbai,Maharashtra,West,1,2023-10-12
CUST01148,Female,40,Patna,Bihar,East,3,2024-07-14
CUST01149,Male,23,Jaipur,Rajasthan,North,2,2023-02-28
CUST01150,Female,25,Coimbatore,Tamil Nadu,South,3,2024-08-16
CUST01151,Female,33,Chennai,Tamil Nadu,South,1,2023-01-12
CUST01152,Male,30,Surat,Gujarat,West,2,2023-04-10
CUST01153,Male,45,Mumbai,Maharashtra,West,1,2023-04-24
CUST01154,Female,19,Delhi,Delhi,North,1,2023-06-21
CUST01155,Male,39,Guwahati,Assam,East,3,2024-09-17
CUST01156,Female,26,Ranchi,Jharkhand,East,3,2024-04-05
CUST01157,Female,26,Guwahati,Assam,East,3,2024-06-03
CUST01158,Male,29,Bengaluru,Karnataka,South,1,2024-10-04
CUST01159,Female,21,Mumbai,Maharashtra,West,1,2024-01-21
CUST01160,Male,29,Ranchi,Jharkhand,East,3,2023-11-07
CUST01161,Female,31,Delhi,Delhi,North,1,2023-06-21
CUST01162,Female,39,Coimbatore,Tamil Nadu,South,3,2023-02-27
CUST01163,Female,30,Ranchi,Jharkhand,East,3,2024-01-18
CUST01164,Female,26,Pune,Maharashtra,West,1,2024-02-01
CUST01165,Female,30,Coimbatore,Tamil Nadu,South,3,2023-07-17
CUST01166,Male,40,Ahmedabad,Gujarat,West,2,2023-12-20
CUST01167,Male,18,Mumbai,Maharashtra,West,1,2024-07-11
CUST01168,Male,26,Delhi,Delhi,North,1,2024-06-25
CUST01169,Female,34,Kochi,Kerala,South,3,2023-10-03
CUST01170,Male,33,Ahmedabad,Gujarat,West,2,2023-01-27
CUST01171,Male,28,Mumbai,Maharashtra,West,1,2023-06-16
CUST01172,Male,37,Ranchi,Jharkhand,East,3,2024-10-08
CUST01173,Male,35,Bengaluru,Karnataka,South,1,2024-11-19
CUST01174,Female,39,Chennai,Tamil Nadu,South,1,2023-01-18
CUST01175,Male,28,Hyderabad,Telangana,South,1,2024-07-04
CUST01176,Female,25,Nagpur,Maharashtra,West,3,2023-02-19
CUST01177,Male,25,Kolkata,West Bengal,East,1,2023-03-13
CUST01178,Male,24,Patna,Bihar,East,3,2023-09-03
CUST01179,Male,20,Ahmedabad,Gujarat,West,2,2023-10-05
CUST01180,Male,30,Bengaluru,Karnataka,South,1,2024-06-04
CUST01181,Male,29,Indore,Madhya Pradesh,Central,2,2023-02-20
CUST01182,Female,31,Coimbatore,Tamil Nadu,South,3,2024-03-07
CUST01183,Female,39,Chennai,Tamil Nadu,South,1,2023-11-25
CUST01184,Male,23,Chandigarh,Punjab,North,2,2023-04-01
CUST01185,Male,40,Mumbai,Maharashtra,West,1,2023-10-24
CUST01186,Male,42,Delhi,Delhi,North,1,2024-05-10
CUST01187,Male,22,Bengaluru,Karnataka,South,1,2023-10-26
CUST01188,Male,41,Bengaluru,Karnataka,South,1,2023-06-15
CUST01189,Female,33,Guwahati,Assam,East,3,2024-05-20
CUST01190,Male,27,Bengaluru,Karnataka,South,1,2024-01-28
CUST01191,Male,31,Delhi,Delhi,North,1,2023-10-10
CUST01192,Male,46,Indore,Madhya Pradesh,Central,2,2024-09-30
CUST01193,Male,35,Delhi,Delhi,North,1,2023-08-19
CUST01194,Female,35,Bengaluru,Karnataka,South,1,2023-09-24
CUST01195,Male,32,Hyderabad,Telangana,South,1,2024-11-03
CUST01196,Female,35,Pune,Maharashtra,West,1,2024-01-12
CUST01197,Male,18,Indore,Madhya Pradesh,Central,2,2023-04-11
CUST01198,Male,51,Pune,Maharashtra,West,1,2023-02-07
CUST01199,Male,22,Chandigarh,Punjab,North,2,2023-01-26
CUST01200,Female,36,Nagpur,Maharashtra,West,3,2024-07-13
CUST01201,Male,37,Pune,Maharashtra,West,1,2023-09-18
CUST01202,Male,33,Delhi,Delhi,North,1,2023-04-14
CUST01203,Male,30,Pune,Maharashtra,West,1,2024-05-22
CUST01204,Female,32,Chennai,Tamil Nadu,South,1,2024-05-12
CUST01205,Female,39,Kochi,Kerala,South,3,2024-06-10
CUST01206,Male,23,Nagpur,Maharashtra,West,3,2023-11-01
CUST01207,Male,41,Mumbai,Maharashtra,West,1,2023-11-07
CUST01208,Male,39,Mumbai,Maharashtra,West,1,2024-03-08
CUST01209,Male,31,Chennai,Tamil Nadu,South,1,2023-07-05
CUST01210,Male,42,Chennai,Tamil Nadu,South,1,2024-10-24
CUST01211,Male,18,Kolkata,West Bengal,East,1,2023-03-14
CUST01212,Female,35,Bhopal,Madhya Pradesh,Central,2,2024-09-04
CUST01213,Male,30,Guwahati,Assam,East,3,2023-12-10
CUST01214,Female,20,Bengaluru,Karnataka,South,1,2024-08-14
CUST01215,Female,21,Bengaluru,Karnataka,South,1,2024-06-07
CUST01216,Female,23,Delhi,Delhi,North,1,2023-05-14
CUST01217,Male,18,Delhi,Delhi,North,1,2024-08-26
CUST01218,Female,31,Lucknow,Uttar Pradesh,North,2,2023-04-11
CUST01219,Female,36,Mumbai,Maharashtra,West,1,2023-01-26
CUST01220,Male,27,Chennai,Tamil Nadu,South,1,2023-11-11
CUST01221,Male,33,Delhi,Delhi,North,1,2023-08-20
CUST01222,Female,23,Surat,Gujarat,West,2,2023-07-06
CUST01223,Female,39,Bengaluru,Karnataka,South,1,2023-05-17
CUST01224,Male,21,Mumbai,Maharashtra,West,1,2023-02-22
CUST01225,Male,24,Patna,Bihar,East,3,2024-03-08
CUST01226,Female,27,Bengaluru,Karnataka,South,1,2024-09-04
CUST01227,Male,38,Delhi,Delhi,North,1,2023-12-30
CUST01228,Male,30,Ahmedabad,Gujarat,West,2,2024-08-24
CUST01229,Female,32,Guwahati,Assam,East,3,2024-10-09
CUST01230,Female,20,Pune,Maharashtra,West,1,2024-04-27
CUST01231,Female,37,Delhi,Delhi,North,1,2023-03-19
CUST01232,Male,24,Ranchi,Jharkhand,East,3,2024-07-13
CUST01233,Male,18,Bengaluru,Karnataka,South,1,2023-05-31
CUST01234,Male,29,Ranchi,Jharkhand,East,3,2023-04-11
CUST01235,Male,33,Chennai,Tamil Nadu,South,1,2024-05-26
CUST01236,Male,40,Hyderabad,Telangana,South,1,2024-02-03
CUST01237,Male,30,Delhi,Delhi,North,1,2023-06-05
CUST01238,Female,28,Mumbai,Maharashtra,West,1,2023-10-07
CUST01239,Male,28,Mumbai,Maharashtra,West,1,2023-08-02
CUST01240,Female,36,Mumbai,Maharashtra,West,1,2024-01-15
CUST01241,Female,18,Pune,Maharashtra,West,1,2024-11-05
CUST01242,Male,30,Bhopal,Madhya Pradesh,Central,2,2024-10-09
CUST01243,Male,33,Hyderabad,Telangana,South,1,2024-04-19
CUST01244,Female,18,Kolkata,West Bengal,East,1,2023-10-09
CUST01245,Male,32,Lucknow,Uttar Pradesh,North,2,2023-04-02
CUST01246,Male,18,Pune,Maharashtra,West,1,2023-07-16
CUST01247,Female,46,Hyderabad,Telangana,South,1,2024-08-17
CUST01248,Male,34,Chandigarh,Punjab,North,2,2023-07-29
CUST01249,Male,27,Mumbai,Maharashtra,West,1,2024-08-12
CUST01250,Male,22,Mumbai,Maharashtra,West,1,2023-07-10
CUST01251,Male,32,Indore,Madhya Pradesh,Central,2,2024-09-26
CUST01252,Female,43,Ranchi,Jharkhand,East,3,2024-09-10
CUST01253,Male,51,Kochi,Kerala,South,3,2023-09-15
CUST01254,Female,42,Jaipur,Rajasthan,North,2,2024-03-19
CUST01255,Female,34,Pune,Maharashtra,West,1,2024-04-24
CUST01256,Male,19,Coimbatore,Tamil Nadu,South,3,2024-07-22
CUST01257,Female,22,Surat,Gujarat,West,2,2023-07-18
CUST01258,Male,41,Jaipur,Rajasthan,North,2,2023-06-01
CUST01259,Male,33,Lucknow,Uttar Pradesh,North,2,2023-08-23
CUST01260,Female,57,Mumbai,Maharashtra,West,1,2024-06-29
CUST01261,Female,22,Hyderabad,Telangana,South,1,2024-11-17
CUST01262,Female,20,Delhi,Delhi,North,1,2023-07-24
CUST01263,Female,25,Mumbai,Maharashtra,West,1,2023-04-25
CUST01264,Female,29,Delhi,Delhi,North,1,2024-01-04
CUST01265,Female,38,Nagpur,Maharashtra,West,3,2024-11-19
CUST01266,Female,60,Bengaluru,Karnataka,South,1,2023-12-26
CUST01267,Female,25,Indore,Madhya Pradesh,Central,2,2023-06-29
CUST01268,Female,30,Bengaluru,Karnataka,South,1,2024-03-15
CUST01269,Male,29,Mumbai,Maharashtra,West,1,2024-01-31
CUST01270,Female,45,Chennai,Tamil Nadu,South,1,2024-04-01
CUST01271,Female,51,Jaipur,Rajasthan,North,2,2023-10-19
CUST01272,Male,38,Bengaluru,Karnataka,South,1,2024-10-16
CUST01273,Male,46,Patna,Bihar,East,3,2023-05-20
CUST01274,Female,40,Pune,Maharashtra,West,1,2023-03-26
CUST01275,Female,39,Mumbai,Maharashtra,West,1,2024-01-24
CUST01276,Female,34,Surat,Gujarat,West,2,2024-04-24
CUST01277,Male,39,Bengaluru,Karnataka,South,1,2024-08-20
CUST01278,Male,41,Ranchi,Jharkhand,East,3,2023-08-26
CUST01279,Female,35,Chennai,Tamil Nadu,South,1,2023-12-28
CUST01280,Male,44,Kochi,Kerala,South,3,2023-07-27
CUST01281,Female,26,Bengaluru,Karnataka,South,1,2023-06-30
CUST01282,Male,26,Delhi,Delhi,North,1,2023-03-20
CUST01283,Male,31,Hyderabad,Telangana,South,1,2023-04-13
CUST01284,Male,34,Mumbai,Maharashtra,West,1,2023-08-18
CUST01285,Male,46,Surat,Gujarat,West,2,2024-10-17
CUST01286,Male,37,Kochi,Kerala,South,3,2024-11-26
CUST01287,Female,35,Ahmedabad,Gujarat,West,2,2023-05-13
CUST01288,Male,38,Lucknow,Uttar Pradesh,North,2,2024-06-03
CUST01289,Female,18,Kolkata,West Bengal,East,1,2024-11-20
CUST01290,Male,26,Ahmedabad,Gujarat,West,2,2023-08-30
CUST01291,Male,23,Bengaluru,Karnataka,South,1,2024-07-11
CUST01292,Female,38,Jaipur,Rajasthan,North,2,2023-04-23
CUST01293,Female,28,Kochi,Kerala,South,3,2024-01-29
CUST01294,Female,40,Bengaluru,Karnataka,South,1,2023-06-26
CUST01295,Female,37,Patna,Bihar,East,3,2024-01-14
CUST01296,Female,44,Pune,Maharashtra,West,1,2023-07-23
CUST01297,Female,29,Pune,Maharashtra,West,1,2024-05-13
CUST01298,Female,27,Pune,Maharashtra,West,1,2024-11-13
CUST01299,Male,22,Ahmedabad,Gujarat,West,2,2023-05-18
CUST01300,Male,18,Nagpur,Maharashtra,West,3,2023-11-07
CUST01301,Female,20,Chandigarh,Punjab,North,2,2023-04-04
CUST01302,Female,40,Kolkata,West Bengal,East,1,2024-10-14
CUST01303,Male,44,Mumbai,Maharashtra,West,1,2023-03-21
CUST01304,Male,38,Delhi,Delhi,North,1,2023-11-09
CUST01305,Female,40,Delhi,Delhi,North,1,2023-01-16
CUST01306,Male,40,Mumbai,Maharashtra,West,1,2023-03-18
CUST01307,Female,31,Delhi,Delhi,North,1,2024-07-26
CUST01308,Female,41,Mumbai,Maharashtra,West,1,2023-11-20
CUST01309,Female,41,Guwahati,Assam,East,3,2024-08-26
CUST01310,Male,42,Bengaluru,Karnataka,South,1,2023-01-10
CUST01311,Male,37,Pune,Maharashtra,West,1,2023-12-06
CUST01312,Female,28,Kolkata,West Bengal,East,1,2024-05-23
CUST01313,Male,20,Delhi,Delhi,North,1,2024-11-06
CUST01314,Male,43,Surat,Gujarat,West,2,2024-11-09
CUST01315,Female,30,Nagpur,Maharashtra,West,3,2023-05-29
CUST01316,Female,26,Indore,Madhya Pradesh,Central,2,2024-01-22
CUST01317,Male,43,Surat,Gujarat,West,2,2024-09-27
CUST01318,Male,23,Bengaluru,Karnataka,South,1,2024-08-11
CUST01319,Female,26,Bengaluru,Karnataka,South,1,2024-09-18
CUST01320,Male,28,Bengaluru,Karnataka,South,1,2024-04-21
CUST01321,Male,38,Kolkata,West Bengal,East,1,2024-03-23
CUST01322,Female,32,Bengaluru,Karnataka,South,1,2023-01-23
CUST01323,Female,27,Mumbai,Maharashtra,West,1,2023-11-17
CUST01324,Male,21,Pune,Maharashtra,West,1,2023-02-20
CUST01325,Female,28,Jaipur,Rajasthan,North,2,2023-04-16
CUST01326,Female,30,Hyderabad,Telangana,South,1,2024-07-04
CUST01327,Female,38,Kolkata,West Bengal,East,1,2023-05-21
CUST01328,Male,29,Kolkata,West Bengal,East,1,2024-11-30
CUST01329,Male,39,Kolkata,West Bengal,East,1,2023-07-17
CUST01330,Male,30,Indore,Madhya Pradesh,Central,2,2023-02-26
CUST01331,Male,37,Coimbatore,Tamil Nadu,South,3,2024-01-07
CUST01332,Male,55,Delhi,Delhi,North,1,2024-08-28
CUST01333,Female,34,Kolkata,West Bengal,East,1,2024-04-11
CUST01334,Male,35,Hyderabad,Telangana,South,1,2024-02-08
CUST01335,Male,34,Hyderabad,Telangana,South,1,2023-09-27
CUST01336,Male,43,Ahmedabad,Gujarat,West,2,2024-10-25
CUST01337,Female,42,Bengaluru,Karnataka,South,1,2023-11-17
CUST01338,Female,22,Mumbai,Maharashtra,West,1,2023-10-22
CUST01339,Male,41,Delhi,Delhi,North,1,2023-05-18
CUST01340,Male,37,Kolkata,West Bengal,East,1,2024-02-20
CUST01341,Female,25,Ahmedabad,Gujarat,West,2,2023-04-16
CUST01342,Female,44,Bengaluru,Karnataka,South,1,2023-04-20
CUST01343,Male,18,Pune,Maharashtra,West,1,2023-12-22
CUST01344,Male,31,Delhi,Delhi,North,1,2023-10-26
CUST01345,Male,29,Lucknow,Uttar Pradesh,North,2,2023-08-27
CUST01346,Male,43,Kolkata,West Bengal,East,1,2023-08-02
CUST01347,Male,30,Kochi,Kerala,South,3,2023-08-27
CUST01348,Male,36,Delhi,Delhi,North,1,2024-10-05
CUST01349,Male,41,Nagpur,Maharashtra,West,3,2023-06-25
CUST01350,Male,33,Chennai,Tamil Nadu,South,1,2023-02-11
CUST01351,Male,55,Ranchi,Jharkhand,East,3,2024-03-16
CUST01352,Female,36,Delhi,Delhi,North,1,2023-08-24
CUST01353,Male,46,Kolkata,West Bengal,East,1,2023-07-10
CUST01354,Female,46,Mumbai,Maharashtra,West,1,2023-06-18
CUST01355,Male,35,Pune,Maharashtra,West,1,2024-06-03
CUST01356,Male,40,Delhi,Delhi,North,1,2023-04-14
CUST01357,Male,37,Bengaluru,Karnataka,South,1,2024-06-05
CUST01358,Female,18,Bengaluru,Karnataka,South,1,2023-11-13
CUST01359,Female,27,Kochi,Kerala,South,3,2023-04-20
CUST01360,Male,40,Hyderabad,Telangana,South,1,2024-05-27
CUST01361,Male,25,Bengaluru,Karnataka,South,1,2024-06-18
CUST01362,Female,32,Mumbai,Maharashtra,West,1,2023-04-09
CUST01363,Male,41,Patna,Bihar,East,3,2024-04-01
CUST01364,Male,25,Mumbai,Maharashtra,West,1,2023-01-20
CUST01365,Female,30,Mumbai,Maharashtra,West,1,2023-12-22
CUST01366,Female,48,Pune,Maharashtra,West,1,2023-02-12
CUST01367,Male,23,Bengaluru,Karnataka,South,1,2023-12-16
CUST01368,Female,47,Indore,Madhya Pradesh,Central,2,2024-06-10
CUST01369,Male,21,Indore,Madhya Pradesh,Central,2,2023-04-24
CUST01370,Male,40,Kolkata,West Bengal,East,1,2023-06-27
CUST01371,Male,18,Indore,Madhya Pradesh,Central,2,2023-04-25
CUST01372,Female,33,Coimbatore,Tamil Nadu,South,3,2024-09-14
CUST01373,Male,34,Chandigarh,Punjab,North,2,2024-04-21
CUST01374,Male,38,Mumbai,Maharashtra,West,1,2023-12-11
CUST01375,Male,24,Pune,Maharashtra,West,1,2023-01-23
CUST01376,Female,27,Bengaluru,Karnataka,South,1,2024-11-11
CUST01377,Male,31,Hyderabad,Telangana,South,1,2024-03-31
CUST01378,Male,19,Lucknow,Uttar Pradesh,North,2,2024-02-25
CUST01379,Female,26,Bengaluru,Karnataka,South,1,2024-01-17
CUST01380,Male,21,Delhi,Delhi,North,1,2024-03-25
CUST01381,Male,18,Chennai,Tamil Nadu,South,1,2023-01-20
CUST01382,Male,28,Delhi,Delhi,North,1,2023-05-16
CUST01383,Female,39,Mumbai,Maharashtra,West,1,2024-04-09
CUST01384,Female,29,Mumbai,Maharashtra,West,1,2023-05-19
CUST01385,Male,30,Hyderabad,Telangana,South,1,2024-10-09
CUST01386,Male,33,Coimbatore,Tamil Nadu,South,3,2024-05-22
CUST01387,Female,35,Hyderabad,Telangana,South,1,2023-03-17
CUST01388,Male,40,Pune,Maharashtra,West,1,2023-10-02
CUST01389,Male,40,Mumbai,Maharashtra,West,1,2024-06-23
CUST01390,Female,26,Coimbatore,Tamil Nadu,South,3,2024-01-03
CUST01391,Female,34,Chandigarh,Punjab,North,2,2023-06-07
CUST01392,Male,30,Mumbai,Maharashtra,West,1,2024-09-28
CUST01393,Female,18,Pune,Maharashtra,West,1,2023-06-26
CUST01394,Male,38,Kochi,Kerala,South,3,2024-06-10
CUST01395,Female,19,Lucknow,Uttar Pradesh,North,2,2024-08-28
CUST01396,Female,30,Kolkata,West Bengal,East,1,2023-08-18
CUST01397,Female,33,Bengaluru,Karnataka,South,1,2023-06-06
CUST01398,Male,19,Kochi,Kerala,South,3,2024-07-11
CUST01399,Male,24,Nagpur,Maharashtra,West,3,2023-03-02
CUST01400,Female,24,Mumbai,Maharashtra,West,1,2023-10-19
CUST01401,Male,22,Indore,Madhya Pradesh,Central,2,2023-02-18
CUST01402,Male,46,Hyderabad,Telangana,South,1,2023-03-24
CUST01403,Male,45,Pune,Maharashtra,West,1,2023-03-17
CUST01404,Male,39,Mumbai,Maharashtra,West,1,2024-02-04
CUST01405,Female,39,Hyderabad,Telangana,South,1,2023-02-21
CUST01406,Female,28,Lucknow,Uttar Pradesh,North,2,2024-09-12
CUST01407,Female,37,Ahmedabad,Gujarat,West,2,2024-10-25
CUST01408,Female,18,Kolkata,West Bengal,East,1,2023-12-30
CUST01409,Male,33,Ranchi,Jharkhand,East,3,2023-08-17
CUST01410,Male,55,Mumbai,Maharashtra,West,1,2023-11-02
CUST01411,Male,43,Surat,Gujarat,West,2,2024-11-19
CUST01412,Male,30,Bengaluru,Karnataka,South,1,2023-05-27
CUST01413,Female,23,Delhi,Delhi,North,1,2023-10-16
CUST01414,Female,18,Mumbai,Maharashtra,West,1,2023-06-21
CUST01415,Male,28,Chennai,Tamil Nadu,South,1,2024-02-03
CUST01416,Male,28,Hyderabad,Telangana,South,1,2024-06-18
CUST01417,Female,33,Pune,Maharashtra,West,1,2023-11-17
CUST01418,Male,41,Mumbai,Maharashtra,West,1,2023-07-11
CUST01419,Female,18,Pune,Maharashtra,West,1,2024-01-15
CUST01420,Female,33,Mumbai,Maharashtra,West,1,2024-02-15
CUST01421,Male,40,Lucknow,Uttar Pradesh,North,2,2023-01-17
CUST01422,Male,27,Jaipur,Rajasthan,North,2,2024-08-04
CUST01423,Male,30,Kochi,Kerala,South,3,2023-02-23
CUST01424,Female,40,Lucknow,Uttar Pradesh,North,2,2024-09-22
CUST01425,Female,33,Delhi,Delhi,North,1,2023-04-11
CUST01426,Male,28,Kolkata,West Bengal,East,1,2024-03-22
CUST01427,Male,30,Bhopal,Madhya Pradesh,Central,2,2024-03-10
CUST01428,Male,29,Bengaluru,Karnataka,South,1,2024-04-10
CUST01429,Male,38,Jaipur,Rajasthan,North,2,2023-12-25
CUST01430,Female,42,Chennai,Tamil Nadu,South,1,2023-12-17
CUST01431,Male,44,Lucknow,Uttar Pradesh,North,2,2023-04-06
CUST01432,Female,37,Mumbai,Maharashtra,West,1,2023-04-28
CUST01433,Male,46,Pune,Maharashtra,West,1,2024-01-17
CUST01434,Male,37,Chennai,Tamil Nadu,South,1,2024-08-26
CUST01435,Male,24,Ahmedabad,Gujarat,West,2,2023-11-05
CUST01436,Female,24,Pune,Maharashtra,West,1,2023-03-17
CUST01437,Female,25,Hyderabad,Telangana,South,1,2023-10-07
CUST01438,Male,37,Pune,Maharashtra,West,1,2023-09-30
CUST01439,Male,29,Bengaluru,Karnataka,South,1,2023-11-26
CUST01440,Female,29,Bengaluru,Karnataka,South,1,2023-04-09
CUST01441,Female,35,Chandigarh,Punjab,North,2,2023-08-28
CUST01442,Female,27,Indore,Madhya Pradesh,Central,2,2023-04-24
CUST01443,Female,26,Nagpur,Maharashtra,West,3,2024-09-05
CUST01444,Female,25,Chennai,Tamil Nadu,South,1,2023-10-14
CUST01445,Male,34,Indore,Madhya Pradesh,Central,2,2023-01-23
CUST01446,Female,22,Kolkata,West Bengal,East,1,2023-09-01
CUST01447,Male,31,Guwahati,Assam,East,3,2023-01-13
CUST01448,Female,37,Mumbai,Maharashtra,West,1,2024-09-06
CUST01449,Female,36,Hyderabad,Telangana,South,1,2023-03-01
CUST01450,Male,26,Guwahati,Assam,East,3,2023-12-22
CUST01451,Male,27,Mumbai,Maharashtra,West,1,2023-04-01
CUST01452,Female,23,Chennai,Tamil Nadu,South,1,2023-11-02
CUST01453,Male,28,Hyderabad,Telangana,South,1,2023-12-03
CUST01454,Male,47,Bengaluru,Karnataka,South,1,2023-03-11
CUST01455,Male,40,Bengaluru,Karnataka,South,1,2024-11-17
CUST01456,Male,30,Delhi,Delhi,North,1,2023-10-15
CUST01457,Male,28,Chennai,Tamil Nadu,South,1,2024-05-12
CUST01458,Female,33,Mumbai,Maharashtra,West,1,2024-02-21
CUST01459,Female,36,Coimbatore,Tamil Nadu,South,3,2023-02-17
CUST01460,Female,38,Mumbai,Maharashtra,West,1,2024-08-23
CUST01461,Male,44,Kolkata,West Bengal,East,1,2024-10-04
CUST01462,Female,19,Delhi,Delhi,North,1,2024-01-01
CUST01463,Male,32,Mumbai,Maharashtra,West,1,2024-03-09
CUST01464,Female,36,Bengaluru,Karnataka,South,1,2023-09-04
CUST01465,Male,18,Guwahati,Assam,East,3,2023-03-21
CUST01466,Female,57,Lucknow,Uttar Pradesh,North,2,2024-08-28
CUST01467,Female,36,Jaipur,Rajasthan,North,2,2024-06-26
CUST01468,Female,28,Kochi,Kerala,South,3,2023-06-30
CUST01469,Female,46,Bhopal,Madhya Pradesh,Central,2,2024-04-17
CUST01470,Male,24,Pune,Maharashtra,West,1,2024-05-07
CUST01471,Female,29,Ahmedabad,Gujarat,West,2,2023-04-27
CUST01472,Male,31,Pune,Maharashtra,West,1,2023-12-02
CUST01473,Male,35,Jaipur,Rajasthan,North,2,2023-03-22
CUST01474,Male,38,Chennai,Tamil Nadu,South,1,2024-03-02
CUST01475,Male,34,Hyderabad,Telangana,South,1,2024-10-10
CUST01476,Male,38,Ahmedabad,Gujarat,West,2,2024-03-02
CUST01477,Male,24,Bengaluru,Karnataka,South,1,2024-04-16
CUST01478,Female,33,Chennai,Tamil Nadu,South,1,2024-09-07
CUST01479,Male,48,Kolkata,West Bengal,East,1,2023-08-30
CUST01480,Female,23,Mumbai,Maharashtra,West,1,2023-05-06
CUST01481,Female,22,Surat,Gujarat,West,2,2024-04-08
CUST01482,Male,39,Mumbai,Maharashtra,West,1,2024-08-29
CUST01483,Female,18,Pune,Maharashtra,West,1,2023-08-23
CUST01484,Male,48,Chennai,Tamil Nadu,South,1,2023-09-14
CUST01485,Male,23,Pune,Maharashtra,West,1,2023-03-08
CUST01486,Male,37,Lucknow,Uttar Pradesh,North,2,2024-05-20
CUST01487,Male,43,Kolkata,West Bengal,East,1,2024-08-13
CUST01488,Male,43,Bengaluru,Karnataka,South,1,2023-10-18
CUST01489,Male,25,Patna,Bihar,East,3,2024-05-27
CUST01490,Female,23,Delhi,Delhi,North,1,2024-01-23
CUST01491,Female,39,Kochi,Kerala,South,3,2023-06-25
CUST01492,Male,20,Delhi,Delhi,North,1,2023-08-01
CUST01493,Female,18,Jaipur,Rajasthan,North,2,2023-09-24
CUST01494,Female,47,Delhi,Delhi,North,1,2023-05-27
CUST01495,Female,32,Ahmedabad,Gujarat,West,2,2023-05-22
CUST01496,Female,32,Patna,Bihar,East,3,2024-02-27
CUST01497,Female,39,Mumbai,Maharashtra,West,1,2023-03-21
CUST01498,Male,36,Delhi,Delhi,North,1,2024-07-06
CUST01499,Male,47,Hyderabad,Telangana,South,1,2024-03-08
CUST01500,Female,23,Chennai,Tamil Nadu,South,1,2024-08-03
CUST01501,Male,24,Indore,Madhya Pradesh,Central,2,2024-04-14
CUST01502,Male,25,Kolkata,West Bengal,East,1,2023-04-07
CUST01503,Male,33,Jaipur,Rajasthan,North,2,2023-05-12
CUST01504,Female,22,Kochi,Kerala,South,3,2023-02-08
CUST01505,Male,34,Indore,Madhya Pradesh,Central,2,2024-06-11
CUST01506,Female,23,Patna,Bihar,East,3,2024-05-14
CUST01507,Female,38,Bhopal,Madhya Pradesh,Central,2,2023-04-25
CUST01508,Male,39,Bengaluru,Karnataka,South,1,2024-04-01
CUST01509,Male,27,Mumbai,Maharashtra,West,1,2024-10-20
CUST01510,Male,18,Mumbai,Maharashtra,West,1,2024-01-19
CUST01511,Female,45,Hyderabad,Telangana,South,1,2024-04-17
CUST01512,Male,27,Kochi,Kerala,South,3,2024-06-12
CUST01513,Female,42,Patna,Bihar,East,3,2024-01-22
CUST01514,Male,32,Pune,Maharashtra,West,1,2024-02-25
CUST01515,Female,25,Pune,Maharashtra,West,1,2024-10-01
CUST01516,Female,34,Lucknow,Uttar Pradesh,North,2,2024-01-16
CUST01517,Male,33,Mumbai,Maharashtra,West,1,2023-06-15
CUST01518,Male,36,Lucknow,Uttar Pradesh,North,2,2024-08-14
CUST01519,Female,25,Kolkata,West Bengal,East,1,2024-09-28
CUST01520,Male,44,Lucknow,Uttar Pradesh,North,2,2023-01-09
CUST01521,Female,22,Jaipur,Rajasthan,North,2,2023-01-08
CUST01522,Female,51,Kochi,Kerala,South,3,2024-05-31
CUST01523,Male,38,Delhi,Delhi,North,1,2023-12-05
CUST01524,Male,24,Bengaluru,Karnataka,South,1,2023-12-04
CUST01525,Female,21,Indore,Madhya Pradesh,Central,2,2023-08-19
CUST01526,Male,26,Bengaluru,Karnataka,South,1,2024-01-03
CUST01527,Female,31,Bengaluru,Karnataka,South,1,2024-06-24
CUST01528,Female,36,Coimbatore,Tamil Nadu,South,3,2023-09-25
CUST01529,Male,23,Pune,Maharashtra,West,1,2024-07-15
CUST01530,Male,29,Kolkata,West Bengal,East,1,2023-06-22
CUST01531,Female,40,Ranchi,Jharkhand,East,3,2024-10-15
CUST01532,Male,33,Guwahati,Assam,East,3,2024-07-06
CUST01533,Female,33,Delhi,Delhi,North,1,2024-09-03
CUST01534,Male,40,Patna,Bihar,East,3,2024-04-09
CUST01535,Male,43,Lucknow,Uttar Pradesh,North,2,2023-02-10
CUST01536,Male,37,Pune,Maharashtra,West,1,2024-08-07
CUST01537,Male,35,Surat,Gujarat,West,2,2023-09-23
CUST01538,Male,45,Nagpur,Maharashtra,West,3,2024-03-02
CUST01539,Male,52,Kochi,Kerala,South,3,2023-12-19
CUST01540,Female,37,Pune,Maharashtra,West,1,2024-06-25
CUST01541,Female,26,Bengaluru,Karnataka,South,1,2024-04-30
CUST01542,Male,35,Nagpur,Maharashtra,West,3,2023-05-23
CUST01543,Female,48,Coimbatore,Tamil Nadu,South,3,2023-06-13
CUST01544,Female,37,Bhopal,Madhya Pradesh,Central,2,2023-12-05
CUST01545,Male,18,Pune,Maharashtra,West,1,2023-08-11
CUST01546,Female,27,Kolkata,West Bengal,East,1,2023-06-14
CUST01547,Male,33,Delhi,Delhi,North,1,2023-11-02
CUST01548,Male,23,Indore,Madhya Pradesh,Central,2,2024-07-03
CUST01549,Male,30,Indore,Madhya Pradesh,Central,2,2023-04-17
CUST01550,Female,36,Hyderabad,Telangana,South,1,2024-08-29
CUST01551,Male,24,Delhi,Delhi,North,1,2024-06-23
CUST01552,Female,35,Bhopal,Madhya Pradesh,Central,2,2023-06-28
CUST01553,Female,30,Delhi,Delhi,North,1,2024-05-06
CUST01554,Male,22,Patna,Bihar,East,3,2023-09-12
CUST01555,Female,29,Surat,Gujarat,West,2,2024-04-14
CUST01556,Female,32,Mumbai,Maharashtra,West,1,2023-09-26
CUST01557,Female,35,Jaipur,Rajasthan,North,2,2024-06-12
CUST01558,Male,41,Hyderabad,Telangana,South,1,2024-03-13
CUST01559,Male,32,Bengaluru,Karnataka,South,1,2024-11-05
CUST01560,Male,32,Pune,Maharashtra,West,1,2024-07-31
CUST01561,Male,37,Ahmedabad,Gujarat,West,2,2024-03-06
CUST01562,Male,30,Mumbai,Maharashtra,West,1,2024-01-16
CUST01563,Male,35,Jaipur,Rajasthan,North,2,2023-11-04
CUST01564,Male,39,Delhi,Delhi,North,1,2024-04-25
CUST01565,Male,38,Ranchi,Jharkhand,East,3,2023-06-24
CUST01566,Female,36,Bengaluru,Karnataka,South,1,2024-01-12
CUST01567,Male,33,Pune,Maharashtra,West,1,2023-08-05
CUST01568,Female,39,Hyderabad,Telangana,South,1,2024-11-09
CUST01569,Male,24,Coimbatore,Tamil Nadu,South,3,2023-03-17
CUST01570,Male,33,Delhi,Delhi,North,1,2023-04-24
CUST01571,Female,23,Pune,Maharashtra,West,1,2023-06-24
CUST01572,Female,45,Nagpur,Maharashtra,West,3,2023-11-14
CUST01573,Male,20,Delhi,Delhi,North,1,2024-09-14
CUST01574,Male,38,Patna,Bihar,East,3,2024-04-11
CUST01575,Male,27,Chennai,Tamil Nadu,South,1,2023-08-20
CUST01576,Female,22,Hyderabad,Telangana,South,1,2023-05-15
CUST01577,Male,50,Surat,Gujarat,West,2,2023-10-23
CUST01578,Male,37,Hyderabad,Telangana,South,1,2023-01-04
CUST01579,Female,27,Surat,Gujarat,West,2,2024-04-18
CUST01580,Female,20,Bengaluru,Karnataka,South,1,2023-08-29
CUST01581,Female,31,Chennai,Tamil Nadu,South,1,2024-05-16
CUST01582,Male,34,Chennai,Tamil Nadu,South,1,2023-06-12
CUST01583,Male,21,Bengaluru,Karnataka,South,1,2023-11-29
CUST01584,Female,22,Bhopal,Madhya Pradesh,Central,2,2024-08-26
CUST01585,Female,44,Chennai,Tamil Nadu,South,1,2023-07-14
CUST01586,Male,36,Chennai,Tamil Nadu,South,1,2024-03-04
CUST01587,Male,21,Ahmedabad,Gujarat,West,2,2024-01-31
CUST01588,Male,21,Ahmedabad,Gujarat,West,2,2024-10-28
CUST01589,Female,20,Mumbai,Maharashtra,West,1,2023-12-22
CUST01590,Female,24,Delhi,Delhi,North,1,2023-05-07
CUST01591,Female,22,Nagpur,Maharashtra,West,3,2023-10-07
CUST01592,Female,29,Ahmedabad,Gujarat,West,2,2024-05-08
CUST01593,Female,50,Hyderabad,Telangana,South,1,2024-10-20
CUST01594,Female,35,Patna,Bihar,East,3,2024-04-22
CUST01595,Male,28,Kolkata,West Bengal,East,1,2024-06-19
CUST01596,Female,32,Bengaluru,Karnataka,South,1,2024-10-31
CUST01597,Male,22,Bengaluru,Karnataka,South,1,2023-04-25
CUST01598,Male,18,Mumbai,Maharashtra,West,1,2024-08-11
CUST01599,Male,18,Delhi,Delhi,North,1,2023-04-01
CUST01600,Female,30,Patna,Bihar,East,3,2023-03-02
CUST01601,Female,36,Jaipur,Rajasthan,North,2,2024-04-14
CUST01602,Female,32,Ahmedabad,Gujarat,West,2,2024-03-10
CUST01603,Male,26,Mumbai,Maharashtra,West,1,2024-10-31
CUST01604,Male,30,Patna,Bihar,East,3,2024-05-28
CUST01605,Male,41,Patna,Bihar,East,3,2023-08-29
CUST01606,Female,38,Chennai,Tamil Nadu,South,1,2024-06-26
CUST01607,Female,46,Delhi,Delhi,North,1,2024-10-04
CUST01608,Female,29,Delhi,Delhi,North,1,2023-03-02
CUST01609,Female,25,Mumbai,Maharashtra,West,1,2024-04-10
CUST01610,Male,39,Patna,Bihar,East,3,2023-01-12
CUST01611,Male,34,Kochi,Kerala,South,3,2023-01-26
CUST01612,Male,26,Mumbai,Maharashtra,West,1,2024-03-31
CUST01613,Female,28,Mumbai,Maharashtra,West,1,2024-07-22
CUST01614,Male,43,Hyderabad,Telangana,South,1,2023-07-15
CUST01615,Female,31,Coimbatore,Tamil Nadu,South,3,2023-11-20
CUST01616,Male,28,Hyderabad,Telangana,South,1,2023-05-25
CUST01617,Female,37,Delhi,Delhi,North,1,2024-07-31
CUST01618,Male,19,Kolkata,West Bengal,East,1,2023-02-11
CUST01619,Female,45,Delhi,Delhi,North,1,2023-09-22
CUST01620,Female,18,Chennai,Tamil Nadu,South,1,2023-11-22
CUST01621,Female,28,Coimbatore,Tamil Nadu,South,3,2023-07-27
CUST01622,Male,24,Indore,Madhya Pradesh,Central,2,2023-03-15
CUST01623,Male,35,Kolkata,West Bengal,East,1,2023-11-28
CUST01624,Female,43,Delhi,Delhi,North,1,2023-08-16
CUST01625,Male,18,Pune,Maharashtra,West,1,2024-06-11
CUST01626,Male,30,Surat,Gujarat,West,2,2024-08-07
CUST01627,Female,25,Pune,Maharashtra,West,1,2023-10-01
CUST01628,Male,29,Bengaluru,Karnataka,South,1,2023-03-02
CUST01629,Male,28,Kolkata,West Bengal,East,1,2024-04-30
CUST01630,Male,33,Hyderabad,Telangana,South,1,2023-09-22
CUST01631,Female,36,Nagpur,Maharashtra,West,3,2024-09-28
CUST01632,Female,30,Mumbai,Maharashtra,West,1,2023-07-10
CUST01633,Female,27,Hyderabad,Telangana,South,1,2023-07-06
CUST01634,Female,36,Lucknow,Uttar Pradesh,North,2,2024-08-04
CUST01635,Female,45,Guwahati,Assam,East,3,2023-08-14
CUST01636,Male,42,Delhi,Delhi,North,1,2024-09-22
CUST01637,Male,28,Bengaluru,Karnataka,South,1,2024-07-16
CUST01638,Male,38,Mumbai,Maharashtra,West,1,2023-04-03
CUST01639,Male,35,Delhi,Delhi,North,1,2024-08-05
CUST01640,Female,25,Delhi,Delhi,North,1,2024-04-08
CUST01641,Male,37,Lucknow,Uttar Pradesh,North,2,2023-03-21
CUST01642,Male,30,Hyderabad,Telangana,South,1,2023-12-12
CUST01643,Female,34,Mumbai,Maharashtra,West,1,2023-02-03
CUST01644,Male,36,Hyderabad,Telangana,South,1,2023-10-09
CUST01645,Female,27,Bengaluru,Karnataka,South,1,2023-10-25
CUST01646,Male,25,Hyderabad,Telangana,South,1,2024-04-18
CUST01647,Male,34,Delhi,Delhi,North,1,2023-03-27
CUST01648,Female,18,Bengaluru,Karnataka,South,1,2023-09-13
CUST01649,Male,43,Lucknow,Uttar Pradesh,North,2,2023-03-10
CUST01650,Male,39,Chennai,Tamil Nadu,South,1,2024-02-03
CUST01651,Female,37,Kolkata,West Bengal,East,1,2024-03-22
CUST01652,Female,39,Delhi,Delhi,North,1,2024-02-24
CUST01653,Female,20,Bengaluru,Karnataka,South,1,2024-10-08
CUST01654,Female,44,Ahmedabad,Gujarat,West,2,2023-11-23
CUST01655,Male,32,Pune,Maharashtra,West,1,2023-01-29
CUST01656,Male,47,Chennai,Tamil Nadu,South,1,2024-10-10
CUST01657,Male,42,Delhi,Delhi,North,1,2024-10-08
CUST01658,Male,34,Chennai,Tamil Nadu,South,1,2024-06-08
CUST01659,Male,37,Chennai,Tamil Nadu,South,1,2024-11-06
CUST01660,Male,36,Ahmedabad,Gujarat,West,2,2024-11-10
CUST01661,Female,27,Mumbai,Maharashtra,West,1,2024-09-09
CUST01662,Female,27,Hyderabad,Telangana,South,1,2024-02-19
CUST01663,Female,18,Ranchi,Jharkhand,East,3,2024-10-27
CUST01664,Male,24,Coimbatore,Tamil Nadu,South,3,2024-04-19
CUST01665,Male,25,Mumbai,Maharashtra,West,1,2024-04-17
CUST01666,Female,31,Patna,Bihar,East,3,2023-12-02
CUST01667,Male,33,Indore,Madhya Pradesh,Central,2,2024-07-27
CUST01668,Male,22,Hyderabad,Telangana,South,1,2023-09-17
CUST01669,Male,36,Chennai,Tamil Nadu,South,1,2023-02-26
CUST01670,Male,31,Patna,Bihar,East,3,2024-08-08
CUST01671,Male,28,Bengaluru,Karnataka,South,1,2023-08-23
CUST01672,Female,41,Mumbai,Maharashtra,West,1,2024-02-25
CUST01673,Male,31,Chennai,Tamil Nadu,South,1,2023-12-14
CUST01674,Female,25,Lucknow,Uttar Pradesh,North,2,2024-11-27
CUST01675,Male,27,Hyderabad,Telangana,South,1,2024-07-07
CUST01676,Female,23,Bengaluru,Karnataka,South,1,2024-04-16
CUST01677,Female,29,Bengaluru,Karnataka,South,1,2023-04-02
CUST01678,Female,18,Kochi,Kerala,South,3,2023-10-07
CUST01679,Male,38,Bhopal,Madhya Pradesh,Central,2,2024-11-06
CUST01680,Male,31,Kolkata,West Bengal,East,1,2023-01-14
CUST01681,Male,18,Mumbai,Maharashtra,West,1,2024-07-18
CUST01682,Male,34,Ranchi,Jharkhand,East,3,2024-06-30
CUST01683,Male,25,Mumbai,Maharashtra,West,1,2023-09-09
CUST01684,Male,44,Chennai,Tamil Nadu,South,1,2024-08-30
CUST01685,Female,25,Bhopal,Madhya Pradesh,Central,2,2024-11-10
CUST01686,Male,28,Delhi,Delhi,North,1,2023-01-11
CUST01687,Male,32,Pune,Maharashtra,West,1,2024-06-23
CUST01688,Male,30,Chennai,Tamil Nadu,South,1,2023-11-14
CUST01689,Female,41,Pune,Maharashtra,West,1,2023-08-22
CUST01690,Female,33,Delhi,Delhi,North,1,2024-08-14
CUST01691,Female,35,Ahmedabad,Gujarat,West,2,2023-08-31
CUST01692,Female,23,Hyderabad,Telangana,South,1,2024-08-31
CUST01693,Female,39,Jaipur,Rajasthan,North,2,2024-07-05
CUST01694,Male,18,Bengaluru,Karnataka,South,1,2024-01-25
CUST01695,Female,27,Mumbai,Maharashtra,West,1,2024-02-08
CUST01696,Male,34,Ahmedabad,Gujarat,West,2,2023-10-30
CUST01697,Female,29,Mumbai,Maharashtra,West,1,2023-01-24
CUST01698,Male,33,Pune,Maharashtra,West,1,2024-04-06
CUST01699,Female,23,Bhopal,Madhya Pradesh,Central,2,2024-02-28
CUST01700,Male,20,Chennai,Tamil Nadu,South,1,2024-11-03
CUST01701,Female,36,Chennai,Tamil Nadu,South,1,2023-04-05
CUST01702,Female,25,Mumbai,Maharashtra,West,1,2024-01-08
CUST01703,Female,21,Indore,Madhya Pradesh,Central,2,2024-07-16
CUST01704,Male,42,Bengaluru,Karnataka,South,1,2023-02-26
CUST01705,Male,29,Hyderabad,Telangana,South,1,2024-04-05
CUST01706,Female,21,Pune,Maharashtra,West,1,2023-01-08
CUST01707,Male,19,Jaipur,Rajasthan,North,2,2024-05-02
CUST01708,Male,18,Kolkata,West Bengal,East,1,2024-07-07
CUST01709,Female,29,Nagpur,Maharashtra,West,3,2024-08-18
CUST01710,Male,33,Coimbatore,Tamil Nadu,South,3,2023-08-20
CUST01711,Female,30,Bhopal,Madhya Pradesh,Central,2,2024-01-31
CUST01712,Female,35,Mumbai,Maharashtra,West,1,2023-09-28
CUST01713,Male,24,Mumbai,Maharashtra,West,1,2024-07-28
CUST01714,Male,48,Guwahati,Assam,East,3,2024-07-22
CUST01715,Male,25,Pune,Maharashtra,West,1,2023-09-17
CUST01716,Female,18,Hyderabad,Telangana,South,1,2023-09-12
CUST01717,Female,23,Mumbai,Maharashtra,West,1,2023-10-26
CUST01718,Male,25,Delhi,Delhi,North,1,2023-05-11
CUST01719,Female,33,Chennai,Tamil Nadu,South,1,2023-03-04
CUST01720,Male,44,Bengaluru,Karnataka,South,1,2024-02-16
CUST01721,Male,51,Indore,Madhya Pradesh,Central,2,2023-11-27
CUST01722,Female,34,Chennai,Tamil Nadu,South,1,2024-02-19
CUST01723,Female,38,Nagpur,Maharashtra,West,3,2023-08-05
CUST01724,Male,20,Nagpur,Maharashtra,West,3,2023-02-16
CUST01725,Female,42,Kolkata,West Bengal,East,1,2023-05-27
CUST01726,Male,32,Mumbai,Maharashtra,West,1,2024-06-29
CUST01727,Male,32,Bengaluru,Karnataka,South,1,2023-10-02
CUST01728,Female,40,Guwahati,Assam,East,3,2024-09-10
CUST01729,Female,18,Pune,Maharashtra,West,1,2024-01-30
CUST01730,Male,27,Bengaluru,Karnataka,South,1,2024-03-16
CUST01731,Male,28,Indore,Madhya Pradesh,Central,2,2023-01-01
CUST01732,Male,20,Bengaluru,Karnataka,South,1,2023-03-19
CUST01733,Female,18,Chennai,Tamil Nadu,South,1,2024-04-18
CUST01734,Female,18,Mumbai,Maharashtra,West,1,2023-08-31
CUST01735,Female,18,Lucknow,Uttar Pradesh,North,2,2023-03-28
CUST01736,Female,31,Mumbai,Maharashtra,West,1,2024-06-26
CUST01737,Female,46,Pune,Maharashtra,West,1,2024-04-29
CUST01738,Male,23,Chennai,Tamil Nadu,South,1,2024-06-17
CUST01739,Female,21,Delhi,Delhi,North,1,2023-10-27
CUST01740,Male,18,Hyderabad,Telangana,South,1,2024-08-20
CUST01741,Female,22,Bengaluru,Karnataka,South,1,2023-06-14
CUST01742,Female,37,Ahmedabad,Gujarat,West,2,2023-12-30
CUST01743,Male,42,Chennai,Tamil Nadu,South,1,2024-06-28
CUST01744,Female,41,Surat,Gujarat,West,2,2023-10-13
CUST01745,Male,36,Hyderabad,Telangana,South,1,2024-10-25
CUST01746,Male,25,Bengaluru,Karnataka,South,1,2024-03-23
CUST01747,Male,47,Chennai,Tamil Nadu,South,1,2023-05-10
CUST01748,Male,45,Chennai,Tamil Nadu,South,1,2024-06-10
CUST01749,Male,33,Pune,Maharashtra,West,1,2023-11-04
CUST01750,Female,35,Surat,Gujarat,West,2,2024-05-16
CUST01751,Male,31,Hyderabad,Telangana,South,1,2024-08-01
CUST01752,Male,18,Mumbai,Maharashtra,West,1,2024-06-16
CUST01753,Female,29,Bengaluru,Karnataka,South,1,2023-08-23
CUST01754,Male,23,Delhi,Delhi,North,1,2023-08-01
CUST01755,Male,29,Mumbai,Maharashtra,West,1,2024-05-17
CUST01756,Female,26,Chandigarh,Punjab,North,2,2024-03-22
CUST01757,Male,47,Bengaluru,Karnataka,South,1,2024-06-24
CUST01758,Male,31,Mumbai,Maharashtra,West,1,2023-07-05
CUST01759,Male,32,Delhi,Delhi,North,1,2023-08-12
CUST01760,Female,28,Pune,Maharashtra,West,1,2023-02-27
CUST01761,Female,24,Bengaluru,Karnataka,South,1,2023-12-30
CUST01762,Male,40,Delhi,Delhi,North,1,2023-02-03
CUST01763,Female,27,Hyderabad,Telangana,South,1,2023-06-04
CUST01764,Male,29,Chandigarh,Punjab,North,2,2023-01-07
CUST01765,Male,28,Mumbai,Maharashtra,West,1,2023-03-11
CUST01766,Female,38,Ahmedabad,Gujarat,West,2,2023-02-14
CUST01767,Female,38,Kolkata,West Bengal,East,1,2024-03-10
CUST01768,Female,32,Mumbai,Maharashtra,West,1,2024-05-17
CUST01769,Female,36,Bhopal,Madhya Pradesh,Central,2,2023-06-18
CUST01770,Male,28,Mumbai,Maharashtra,West,1,2024-02-06
CUST01771,Female,27,Ranchi,Jharkhand,East,3,2023-02-01
CUST01772,Male,31,Lucknow,Uttar Pradesh,North,2,2024-04-06
CUST01773,Female,34,Mumbai,Maharashtra,West,1,2024-08-28
CUST01774,Male,41,Mumbai,Maharashtra,West,1,2024-06-09
CUST01775,Female,35,Chennai,Tamil Nadu,South,1,2023-06-06
CUST01776,Male,24,Mumbai,Maharashtra,West,1,2023-09-07
CUST01777,Female,32,Hyderabad,Telangana,South,1,2024-08-29
CUST01778,Female,39,Hyderabad,Telangana,South,1,2024-01-11
CUST01779,Female,31,Bengaluru,Karnataka,South,1,2023-11-16
CUST01780,Male,35,Mumbai,Maharashtra,West,1,2024-06-04
CUST01781,Male,32,Kochi,Kerala,South,3,2023-01-21
CUST01782,Female,32,Chandigarh,Punjab,North,2,2024-01-06
CUST01783,Female,39,Jaipur,Rajasthan,North,2,2023-05-20
CUST01784,Male,38,Nagpur,Maharashtra,West,3,2024-10-01
CUST01785,Female,36,Pune,Maharashtra,West,1,2024-04-24
CUST01786,Female,40,Pune,Maharashtra,West,1,2023-03-28
CUST01787,Male,36,Hyderabad,Telangana,South,1,2024-05-05
CUST01788,Male,23,Ahmedabad,Gujarat,West,2,2023-09-11
CUST01789,Female,28,Jaipur,Rajasthan,North,2,2024-06-29
CUST01790,Female,25,Bhopal,Madhya Pradesh,Central,2,2023-06-22
CUST01791,Male,21,Indore,Madhya Pradesh,Central,2,2024-06-23
CUST01792,Male,28,Chandigarh,Punjab,North,2,2023-06-15
CUST01793,Male,26,Ahmedabad,Gujarat,West,2,2024-10-06
CUST01794,Female,37,Ahmedabad,Gujarat,West,2,2024-09-10
CUST01795,Female,18,Jaipur,Rajasthan,North,2,2023-05-17
CUST01796,Female,37,Mumbai,Maharashtra,West,1,2024-06-15
CUST01797,Male,38,Ahmedabad,Gujarat,West,2,2023-03-18
CUST01798,Male,43,Ahmedabad,Gujarat,West,2,2023-01-11
CUST01799,Female,18,Lucknow,Uttar Pradesh,North,2,2024-03-10
CUST01800,Female,36,Delhi,Delhi,North,1,2024-05-23
CUST01801,Male,47,Mumbai,Maharashtra,West,1,2024-09-12
CUST01802,Male,33,Chennai,Tamil Nadu,South,1,2024-06-29
CUST01803,Female,31,Hyderabad,Telangana,South,1,2023-11-11
CUST01804,Male,38,Jaipur,Rajasthan,North,2,2024-01-20
CUST01805,Female,37,Mumbai,Maharashtra,West,1,2023-12-16
CUST01806,Female,28,Pune,Maharashtra,West,1,2024-08-18
CUST01807,Male,35,Pune,Maharashtra,West,1,2024-11-08
CUST01808,Male,18,Mumbai,Maharashtra,West,1,2023-04-16
CUST01809,Male,29,Coimbatore,Tamil Nadu,South,3,2024-01-31
CUST01810,Male,18,Mumbai,Maharashtra,West,1,2023-01-26
CUST01811,Female,31,Ranchi,Jharkhand,East,3,2023-09-21
CUST01812,Female,30,Kolkata,West Bengal,East,1,2023-03-22
CUST01813,Female,35,Lucknow,Uttar Pradesh,North,2,2023-02-15
CUST01814,Female,36,Hyderabad,Telangana,South,1,2023-01-16
CUST01815,Male,34,Bengaluru,Karnataka,South,1,2024-09-11
CUST01816,Female,36,Chennai,Tamil Nadu,South,1,2024-01-06
CUST01817,Female,41,Bhopal,Madhya Pradesh,Central,2,2023-05-31
CUST01818,Male,39,Bhopal,Madhya Pradesh,Central,2,2023-08-15
CUST01819,Male,21,Delhi,Delhi,North,1,2023-04-28
CUST01820,Male,49,Mumbai,Maharashtra,West,1,2024-01-29
CUST01821,Female,45,Nagpur,Maharashtra,West,3,2024-11-30
CUST01822,Female,33,Pune,Maharashtra,West,1,2023-12-17
CUST01823,Female,29,Delhi,Delhi,North,1,2024-05-28
CUST01824,Female,18,Bengaluru,Karnataka,South,1,2024-03-09
CUST01825,Female,47,Chennai,Tamil Nadu,South,1,2023-11-17
CUST01826,Male,21,Kolkata,West Bengal,East,1,2023-10-30
CUST01827,Female,47,Jaipur,Rajasthan,North,2,2023-06-09
CUST01828,Female,18,Lucknow,Uttar Pradesh,North,2,2023-01-17
CUST01829,Female,20,Jaipur,Rajasthan,North,2,2024-10-11
CUST01830,Male,42,Pune,Maharashtra,West,1,2024-02-06
CUST01831,Female,34,Kolkata,West Bengal,East,1,2024-01-05
CUST01832,Female,18,Mumbai,Maharashtra,West,1,2023-08-24
CUST01833,Female,22,Ahmedabad,Gujarat,West,2,2024-09-28
CUST01834,Male,47,Indore,Madhya Pradesh,Central,2,2024-02-06
CUST01835,Male,24,Delhi,Delhi,North,1,2023-04-03
CUST01836,Male,28,Bengaluru,Karnataka,South,1,2023-01-24
CUST01837,Female,28,Bengaluru,Karnataka,South,1,2023-01-03
CUST01838,Female,28,Jaipur,Rajasthan,North,2,2024-10-10
CUST01839,Male,42,Mumbai,Maharashtra,West,1,2023-03-30
CUST01840,Female,33,Chennai,Tamil Nadu,South,1,2023-05-14
CUST01841,Female,50,Kochi,Kerala,South,3,2024-11-16
CUST01842,Male,21,Chennai,Tamil Nadu,South,1,2024-10-04
CUST01843,Female,30,Lucknow,Uttar Pradesh,North,2,2023-03-27
CUST01844,Male,26,Mumbai,Maharashtra,West,1,2024-09-15
CUST01845,Male,18,Bengaluru,Karnataka,South,1,2024-09-12
CUST01846,Male,24,Patna,Bihar,East,3,2024-10-20
CUST01847,Male,31,Chennai,Tamil Nadu,South,1,2024-02-13
CUST01848,Female,38,Surat,Gujarat,West,2,2024-09-10
CUST01849,Male,41,Hyderabad,Telangana,South,1,2024-10-28
CUST01850,Male,41,Lucknow,Uttar Pradesh,North,2,2024-02-09
CUST01851,Male,33,Delhi,Delhi,North,1,2024-07-02
CUST01852,Female,28,Bengaluru,Karnataka,South,1,2024-09-27
CUST01853,Female,30,Chandigarh,Punjab,North,2,2024-07-03
CUST01854,Male,22,Pune,Maharashtra,West,1,2023-09-16
CUST01855,Female,22,Chandigarh,Punjab,North,2,2024-06-06
CUST01856,Male,25,Jaipur,Rajasthan,North,2,2024-01-26
CUST01857,Female,32,Lucknow,Uttar Pradesh,North,2,2024-09-08
CUST01858,Female,40,Patna,Bihar,East,3,2023-11-14
CUST01859,Male,43,Surat,Gujarat,West,2,2024-04-06
CUST01860,Female,36,Guwahati,Assam,East,3,2023-09-12
CUST01861,Male,24,Kochi,Kerala,South,3,2024-03-16
CUST01862,Female,32,Mumbai,Maharashtra,West,1,2024-02-21
CUST01863,Female,41,Pune,Maharashtra,West,1,2023-04-11
CUST01864,Male,31,Hyderabad,Telangana,South,1,2024-08-02
CUST01865,Male,20,Lucknow,Uttar Pradesh,North,2,2023-06-29
CUST01866,Male,25,Ahmedabad,Gujarat,West,2,2023-09-29
CUST01867,Female,21,Delhi,Delhi,North,1,2024-08-15
CUST01868,Male,18,Indore,Madhya Pradesh,Central,2,2023-10-12
CUST01869,Male,49,Lucknow,Uttar Pradesh,North,2,2024-03-19
CUST01870,Male,27,Pune,Maharashtra,West,1,2024-08-23
CUST01871,Female,40,Bengaluru,Karnataka,South,1,2024-04-19
CUST01872,Female,35,Mumbai,Maharashtra,West,1,2023-08-06
CUST01873,Female,33,Bengaluru,Karnataka,South,1,2024-07-18
CUST01874,Male,30,Jaipur,Rajasthan,North,2,2023-01-25
CUST01875,Female,37,Bengaluru,Karnataka,South,1,2024-04-11
CUST01876,Male,19,Chennai,Tamil Nadu,South,1,2024-07-04
CUST01877,Female,37,Nagpur,Maharashtra,West,3,2024-06-03
CUST01878,Female,34,Mumbai,Maharashtra,West,1,2023-02-18
CUST01879,Female,29,Lucknow,Uttar Pradesh,North,2,2023-03-12
CUST01880,Female,18,Kolkata,West Bengal,East,1,2023-06-30
CUST01881,Male,31,Mumbai,Maharashtra,West,1,2023-09-05
CUST01882,Male,29,Pune,Maharashtra,West,1,2023-06-25
CUST01883,Male,29,Coimbatore,Tamil Nadu,South,3,2023-03-22
CUST01884,Female,26,Mumbai,Maharashtra,West,1,2023-08-18
CUST01885,Male,33,Mumbai,Maharashtra,West,1,2024-07-14
CUST01886,Male,25,Bengaluru,Karnataka,South,1,2023-12-24
CUST01887,Male,38,Delhi,Delhi,North,1,2024-04-26
CUST01888,Male,27,Chennai,Tamil Nadu,South,1,2024-01-24
CUST01889,Male,23,Lucknow,Uttar Pradesh,North,2,2024-07-19
CUST01890,Male,38,Mumbai,Maharashtra,West,1,2023-04-22
CUST01891,Male,43,Bengaluru,Karnataka,South,1,2023-10-06
CUST01892,Male,50,Delhi,Delhi,North,1,2024-06-09
CUST01893,Male,33,Ahmedabad,Gujarat,West,2,2023-05-30
CUST01894,Male,27,Patna,Bihar,East,3,2024-08-15
CUST01895,Male,18,Jaipur,Rajasthan,North,2,2024-07-01
CUST01896,Male,33,Chennai,Tamil Nadu,South,1,2024-08-06
CUST01897,Female,28,Bengaluru,Karnataka,South,1,2023-04-17
CUST01898,Male,37,Mumbai,Maharashtra,West,1,2023-06-24
CUST01899,Male,52,Mumbai,Maharashtra,West,1,2023-06-12
CUST01900,Male,32,Bengaluru,Karnataka,South,1,2023-08-27
CUST01901,Male,31,Ahmedabad,Gujarat,West,2,2024-03-28
CUST01902,Female,24,Ahmedabad,Gujarat,West,2,2024-08-16
CUST01903,Male,32,Pune,Maharashtra,West,1,2023-10-21
CUST01904,Male,27,Mumbai,Maharashtra,West,1,2024-11-13
CUST01905,Male,19,Lucknow,Uttar Pradesh,North,2,2023-07-28
CUST01906,Female,39,Delhi,Delhi,North,1,2024-09-19
CUST01907,Male,35,Kochi,Kerala,South,3,2023-04-01
CUST01908,Female,31,Delhi,Delhi,North,1,2024-07-22
CUST01909,Male,50,Delhi,Delhi,North,1,2024-10-30
CUST01910,Male,23,Chandigarh,Punjab,North,2,2023-10-31
CUST01911,Male,30,Hyderabad,Telangana,South,1,2024-01-10
CUST01912,Female,27,Chennai,Tamil Nadu,South,1,2024-04-18
CUST01913,Female,41,Delhi,Delhi,North,1,2024-04-19
CUST01914,Female,36,Mumbai,Maharashtra,West,1,2023-04-04
CUST01915,Female,18,Nagpur,Maharashtra,West,3,2023-07-31
CUST01916,Male,37,Hyderabad,Telangana,South,1,2024-02-14
CUST01917,Male,37,Patna,Bihar,East,3,2023-04-24
CUST01918,Female,22,Hyderabad,Telangana,South,1,2023-12-28
CUST01919,Male,29,Mumbai,Maharashtra,West,1,2023-07-05
CUST01920,Male,21,Mumbai,Maharashtra,West,1,2023-01-27
CUST01921,Male,40,Bhopal,Madhya Pradesh,Central,2,2023-03-15
CUST01922,Male,41,Delhi,Delhi,North,1,2023-10-13
CUST01923,Male,26,Bengaluru,Karnataka,South,1,2024-10-14
CUST01924,Male,38,Pune,Maharashtra,West,1,2024-01-24
CUST01925,Female,35,Bengaluru,Karnataka,South,1,2024-11-09
CUST01926,Female,29,Mumbai,Maharashtra,West,1,2023-07-12
CUST01927,Male,29,Bengaluru,Karnataka,South,1,2024-09-24
CUST01928,Female,18,Indore,Madhya Pradesh,Central,2,2024-02-20
CUST01929,Female,36,Nagpur,Maharashtra,West,3,2024-01-14
CUST01930,Male,39,Bengaluru,Karnataka,South,1,2024-07-10
CUST01931,Male,34,Kochi,Kerala,South,3,2024-03-01
CUST01932,Male,18,Bengaluru,Karnataka,South,1,2024-11-14
CUST01933,Female,26,Chennai,Tamil Nadu,South,1,2023-02-04
CUST01934,Female,23,Delhi,Delhi,North,1,2024-05-08
CUST01935,Male,41,Indore,Madhya Pradesh,Central,2,2023-06-24
CUST01936,Male,36,Kolkata,West Bengal,East,1,2023-02-05
CUST01937,Male,18,Bengaluru,Karnataka,South,1,2023-07-25
CUST01938,Male,44,Kolkata,West Bengal,East,1,2024-03-29
CUST01939,Male,55,Delhi,Delhi,North,1,2023-01-21
CUST01940,Male,35,Chennai,Tamil Nadu,South,1,2024-08-29
CUST01941,Female,18,Bengaluru,Karnataka,South,1,2023-10-03
CUST01942,Female,22,Bengaluru,Karnataka,South,1,2024-01-20
CUST01943,Female,33,Chennai,Tamil Nadu,South,1,2024-02-01
CUST01944,Male,31,Pune,Maharashtra,West,1,2024-05-09
CUST01945,Male,31,Lucknow,Uttar Pradesh,North,2,2024-01-30
CUST01946,Male,42,Delhi,Delhi,North,1,2024-08-20
CUST01947,Male,25,Bengaluru,Karnataka,South,1,2023-06-27
CUST01948,Male,27,Lucknow,Uttar Pradesh,North,2,2024-06-09
CUST01949,Male,50,Chandigarh,Punjab,North,2,2024-09-13
CUST01950,Male,45,Delhi,Delhi,North,1,2023-03-16
CUST01951,Female,21,Chandigarh,Punjab,North,2,2023-10-02
CUST01952,Female,39,Jaipur,Rajasthan,North,2,2023-07-01
CUST01953,Male,46,Indore,Madhya Pradesh,Central,2,2023-11-28
CUST01954,Male,31,Delhi,Delhi,North,1,2023-07-23
CUST01955,Female,37,Mumbai,Maharashtra,West,1,2023-01-09
CUST01956,Female,20,Chandigarh,Punjab,North,2,2023-12-21
CUST01957,Female,51,Bengaluru,Karnataka,South,1,2024-09-20
CUST01958,Male,18,Ranchi,Jharkhand,East,3,2024-05-22
CUST01959,Male,43,Hyderabad,Telangana,South,1,2023-04-19
CUST01960,Female,44,Mumbai,Maharashtra,West,1,2023-09-30
CUST01961,Male,38,Kolkata,West Bengal,East,1,2024-06-27
CUST01962,Male,33,Ahmedabad,Gujarat,West,2,2023-03-04
CUST01963,Female,44,Chandigarh,Punjab,North,2,2023-06-01
CUST01964,Male,34,Surat,Gujarat,West,2,2023-08-22
CUST01965,Male,39,Bengaluru,Karnataka,South,1,2024-05-18
CUST01966,Female,46,Chennai,Tamil Nadu,South,1,2023-08-16
CUST01967,Male,30,Coimbatore,Tamil Nadu,South,3,2023-09-03
CUST01968,Male,45,Pune,Maharashtra,West,1,2023-01-16
CUST01969,Female,29,Bengaluru,Karnataka,South,1,2023-10-11
CUST01970,Female,35,Surat,Gujarat,West,2,2023-02-01
CUST01971,Male,41,Chennai,Tamil Nadu,South,1,2024-09-09
CUST01972,Female,29,Hyderabad,Telangana,South,1,2024-11-27
CUST01973,Female,24,Guwahati,Assam,East,3,2024-10-13
CUST01974,Female,31,Kolkata,West Bengal,East,1,2024-09-22
CUST01975,Female,19,Pune,Maharashtra,West,1,2023-09-01
CUST01976,Male,42,Mumbai,Maharashtra,West,1,2024-02-01
CUST01977,Male,31,Pune,Maharashtra,West,1,2023-03-24
CUST01978,Female,18,Chennai,Tamil Nadu,South,1,2024-04-03
CUST01979,Female,38,Chennai,Tamil Nadu,South,1,2023-02-03
CUST01980,Male,23,Hyderabad,Telangana,South,1,2023-01-31
CUST01981,Female,37,Bengaluru,Karnataka,South,1,2023-03-02
CUST01982,Female,38,Bhopal,Madhya Pradesh,Central,2,2023-03-18
CUST01983,Male,18,Patna,Bihar,East,3,2023-03-18
CUST01984,Female,25,Indore,Madhya Pradesh,Central,2,2023-02-01
CUST01985,Male,30,Mumbai,Maharashtra,West,1,2024-10-17
CUST01986,Male,46,Delhi,Delhi,North,1,2023-03-19
CUST01987,Female,32,Mumbai,Maharashtra,West,1,2024-01-05
CUST01988,Female,28,Ahmedabad,Gujarat,West,2,2023-08-15
CUST01989,Female,30,Jaipur,Rajasthan,North,2,2024-07-13
CUST01990,Male,29,Mumbai,Maharashtra,West,1,2024-04-15
CUST01991,Female,30,Jaipur,Rajasthan,North,2,2023-02-08
CUST01992,Male,24,Delhi,Delhi,North,1,2023-02-03
CUST01993,Male,29,Pune,Maharashtra,West,1,2024-02-14
CUST01994,Female,44,Bengaluru,Karnataka,South,1,2023-07-21
CUST01995,Female,44,Bengaluru,Karnataka,South,1,2024-05-07
CUST01996,Male,25,Kolkata,West Bengal,East,1,2023-11-13
CUST01997,Male,20,Kolkata,West Bengal,East,1,2023-02-28
CUST01998,Female,29,Pune,Maharashtra,West,1,2024-04-15
CUST01999,Female,18,Jaipur,Rajasthan,North,2,2024-11-24
CUST02000,Male,37,Bengaluru,Karnataka,South,1,2023-09-13
CUST02001,Female,19,Kolkata,West Bengal,East,1,2024-10-18
CUST02002,Female,27,Hyderabad,Telangana,South,1,2024-07-01
CUST02003,Male,43,Surat,Gujarat,West,2,2024-08-17
CUST02004,Female,38,Chandigarh,Punjab,North,2,2024-08-09
CUST02005,Male,18,Pune,Maharashtra,West,1,2023-09-24
CUST02006,Male,47,Guwahati,Assam,East,3,2024-01-29
CUST02007,Male,22,Indore,Madhya Pradesh,Central,2,2023-11-24
CUST02008,Male,40,Kolkata,West Bengal,East,1,2024-02-10
CUST02009,Female,26,Guwahati,Assam,East,3,2024-09-12
CUST02010,Female,22,Chandigarh,Punjab,North,2,2023-01-08
CUST02011,Female,19,Mumbai,Maharashtra,West,1,2024-11-16
CUST02012,Female,37,Mumbai,Maharashtra,West,1,2023-11-03
CUST02013,Male,28,Chennai,Tamil Nadu,South,1,2024-10-06
CUST02014,Male,24,Delhi,Delhi,North,1,2023-11-06
CUST02015,Male,35,Bengaluru,Karnataka,South,1,2023-07-02
CUST02016,Female,23,Jaipur,Rajasthan,North,2,2023-09-26
CUST02017,Female,24,Patna,Bihar,East,3,2024-03-04
CUST02018,Female,26,Chennai,Tamil Nadu,South,1,2024-10-04
CUST02019,Male,45,Mumbai,Maharashtra,West,1,2023-01-24
CUST02020,Male,39,Chennai,Tamil Nadu,South,1,2024-04-09
CUST02021,Male,46,Hyderabad,Telangana,South,1,2023-10-10
CUST02022,Male,37,Bengaluru,Karnataka,South,1,2023-04-26
CUST02023,Male,49,Chennai,Tamil Nadu,South,1,2024-11-24
CUST02024,Male,36,Ahmedabad,Gujarat,West,2,2024-07-11
CUST02025,Male,34,Lucknow,Uttar Pradesh,North,2,2024-09-24
CUST02026,Female,24,Mumbai,Maharashtra,West,1,2024-02-28
CUST02027,Female,42,Jaipur,Rajasthan,North,2,2023-12-29
CUST02028,Male,31,Kolkata,West Bengal,East,1,2023-01-28
CUST02029,Male,39,Mumbai,Maharashtra,West,1,2024-01-10
CUST02030,Female,49,Kolkata,West Bengal,East,1,2024-03-13
CUST02031,Female,33,Hyderabad,Telangana,South,1,2024-08-12
CUST02032,Male,33,Chennai,Tamil Nadu,South,1,2023-10-22
CUST02033,Male,23,Mumbai,Maharashtra,West,1,2023-03-13
CUST02034,Female,18,Delhi,Delhi,North,1,2024-09-02
CUST02035,Male,23,Chennai,Tamil Nadu,South,1,2024-07-13
CUST02036,Male,47,Chennai,Tamil Nadu,South,1,2023-01-08
CUST02037,Male,33,Delhi,Delhi,North,1,2024-04-01
CUST02038,Female,42,Lucknow,Uttar Pradesh,North,2,2024-08-09
CUST02039,Male,29,Jaipur,Rajasthan,North,2,2023-02-08
CUST02040,Male,38,Delhi,Delhi,North,1,2023-02-16
CUST02041,Male,26,Delhi,Delhi,North,1,2023-05-26
CUST02042,Female,34,Chennai,Tamil Nadu,South,1,2023-06-30
CUST02043,Male,29,Bengaluru,Karnataka,South,1,2024-03-10
CUST02044,Male,42,Kochi,Kerala,South,3,2024-08-06
CUST02045,Male,33,Mumbai,Maharashtra,West,1,2024-03-11
CUST02046,Male,23,Indore,Madhya Pradesh,Central,2,2024-04-15
CUST02047,Female,48,Delhi,Delhi,North,1,2024-06-24
CUST02048,Male,35,Bhopal,Madhya Pradesh,Central,2,2023-04-18
CUST02049,Female,44,Kolkata,West Bengal,East,1,2023-06-24
CUST02050,Male,35,Hyderabad,Telangana,South,1,2023-03-06
CUST02051,Male,37,Bengaluru,Karnataka,South,1,2023-04-17
CUST02052,Male,30,Mumbai,Maharashtra,West,1,2023-11-08
CUST02053,Female,35,Delhi,Delhi,North,1,2024-08-15
CUST02054,Female,33,Patna,Bihar,East,3,2023-12-21
CUST02055,Male,35,Mumbai,Maharashtra,West,1,2024-01-31
CUST02056,Female,31,Mumbai,Maharashtra,West,1,2024-10-28
CUST02057,Male,18,Mumbai,Maharashtra,West,1,2024-02-09
CUST02058,Male,20,Indore,Madhya Pradesh,Central,2,2024-02-13
CUST02059,Female,33,Chennai,Tamil Nadu,South,1,2023-01-23
CUST02060,Female,27,Nagpur,Maharashtra,West,3,2024-03-25
CUST02061,Female,39,Pune,Maharashtra,West,1,2023-08-08
CUST02062,Female,23,Indore,Madhya Pradesh,Central,2,2024-03-03
CUST02063,Female,32,Chennai,Tamil Nadu,South,1,2024-08-16
CUST02064,Female,30,Pune,Maharashtra,West,1,2023-04-18
CUST02065,Male,36,Chennai,Tamil Nadu,South,1,2023-02-18
CUST02066,Female,18,Bengaluru,Karnataka,South,1,2024-10-14
CUST02067,Female,25,Delhi,Delhi,North,1,2023-02-19
CUST02068,Female,18,Surat,Gujarat,West,2,2023-10-24
CUST02069,Male,31,Indore,Madhya Pradesh,Central,2,2024-09-01
CUST02070,Male,29,Pune,Maharashtra,West,1,2023-07-12
CUST02071,Female,42,Patna,Bihar,East,3,2024-05-22
CUST02072,Male,38,Delhi,Delhi,North,1,2024-04-22
CUST02073,Male,27,Chandigarh,Punjab,North,2,2023-06-10
CUST02074,Female,42,Kolkata,West Bengal,East,1,2024-09-27
CUST02075,Female,27,Kolkata,West Bengal,East,1,2023-09-28
CUST02076,Female,33,Bengaluru,Karnataka,South,1,2023-04-25
CUST02077,Female,29,Lucknow,Uttar Pradesh,North,2,2023-08-02
CUST02078,Male,29,Guwahati,Assam,East,3,2024-11-30
CUST02079,Female,28,Pune,Maharashtra,West,1,2024-02-06
CUST02080,Male,40,Hyderabad,Telangana,South,1,2023-06-01
CUST02081,Male,37,Guwahati,Assam,East,3,2024-11-27
CUST02082,Female,18,Ahmedabad,Gujarat,West,2,2023-10-30
CUST02083,Female,36,Kochi,Kerala,South,3,2023-07-12
CUST02084,Male,40,Mumbai,Maharashtra,West,1,2023-04-01
CUST02085,Female,27,Chennai,Tamil Nadu,South,1,2023-07-21
CUST02086,Male,40,Patna,Bihar,East,3,2024-09-17
CUST02087,Male,29,Nagpur,Maharashtra,West,3,2023-12-02
CUST02088,Male,38,Bengaluru,Karnataka,South,1,2024-02-27
CUST02089,Female,25,Patna,Bihar,East,3,2024-09-25
CUST02090,Female,45,Jaipur,Rajasthan,North,2,2024-06-20
CUST02091,Female,18,Bengaluru,Karnataka,South,1,2024-02-27
CUST02092,Male,29,Hyderabad,Telangana,South,1,2024-10-10
CUST02093,Female,50,Mumbai,Maharashtra,West,1,2023-06-16
CUST02094,Female,22,Coimbatore,Tamil Nadu,South,3,2023-07-04
CUST02095,Male,24,Chennai,Tamil Nadu,South,1,2023-03-22
CUST02096,Female,39,Chennai,Tamil Nadu,South,1,2023-03-10
CUST02097,Male,35,Mumbai,Maharashtra,West,1,2024-11-12
CUST02098,Male,43,Lucknow,Uttar Pradesh,North,2,2024-04-19
CUST02099,Female,25,Kolkata,West Bengal,East,1,2024-05-02
CUST02100,Male,32,Chandigarh,Punjab,North,2,2024-04-13
CUST02101,Female,36,Lucknow,Uttar Pradesh,North,2,2023-07-03
CUST02102,Female,24,Chandigarh,Punjab,North,2,2023-08-13
CUST02103,Male,39,Pune,Maharashtra,West,1,2024-11-15
CUST02104,Female,35,Chennai,Tamil Nadu,South,1,2023-01-30
CUST02105,Female,33,Mumbai,Maharashtra,West,1,2023-01-30
CUST02106,Female,26,Chennai,Tamil Nadu,South,1,2023-05-25
CUST02107,Female,39,Kolkata,West Bengal,East,1,2023-11-12
CUST02108,Female,38,Indore,Madhya Pradesh,Central,2,2023-09-12
CUST02109,Female,22,Bengaluru,Karnataka,South,1,2024-05-07
CUST02110,Male,31,Ahmedabad,Gujarat,West,2,2023-12-22
CUST02111,Male,39,Coimbatore,Tamil Nadu,South,3,2023-08-11
CUST02112,Female,36,Chennai,Tamil Nadu,South,1,2024-06-27
CUST02113,Male,50,Bengaluru,Karnataka,South,1,2023-05-16
CUST02114,Male,25,Coimbatore,Tamil Nadu,South,3,2023-07-17
CUST02115,Male,28,Ranchi,Jharkhand,East,3,2023-02-21
CUST02116,Female,34,Chandigarh,Punjab,North,2,2023-06-28
CUST02117,Female,24,Pune,Maharashtra,West,1,2023-01-13
CUST02118,Female,33,Chennai,Tamil Nadu,South,1,2024-05-04
CUST02119,Female,35,Indore,Madhya Pradesh,Central,2,2023-02-01
CUST02120,Male,37,Nagpur,Maharashtra,West,3,2024-02-17
CUST02121,Male,30,Indore,Madhya Pradesh,Central,2,2023-02-06
CUST02122,Female,30,Hyderabad,Telangana,South,1,2023-06-16
CUST02123,Female,18,Mumbai,Maharashtra,West,1,2023-09-20
CUST02124,Male,33,Pune,Maharashtra,West,1,2023-06-23
CUST02125,Female,46,Bengaluru,Karnataka,South,1,2023-09-15
CUST02126,Male,28,Surat,Gujarat,West,2,2023-02-16
CUST02127,Male,35,Pune,Maharashtra,West,1,2024-03-16
CUST02128,Male,33,Patna,Bihar,East,3,2023-09-06
CUST02129,Female,36,Kochi,Kerala,South,3,2023-08-22
CUST02130,Male,39,Surat,Gujarat,West,2,2024-09-15
CUST02131,Male,18,Mumbai,Maharashtra,West,1,2023-09-05
CUST02132,Male,29,Surat,Gujarat,West,2,2023-03-22
CUST02133,Female,30,Chandigarh,Punjab,North,2,2023-03-25
CUST02134,Male,32,Hyderabad,Telangana,South,1,2023-12-08
CUST02135,Male,29,Hyderabad,Telangana,South,1,2024-09-16
CUST02136,Female,27,Bhopal,Madhya Pradesh,Central,2,2023-09-02
CUST02137,Male,30,Chennai,Tamil Nadu,South,1,2024-02-16
CUST02138,Male,31,Hyderabad,Telangana,South,1,2024-10-20
CUST02139,Male,26,Jaipur,Rajasthan,North,2,2024-05-02
CUST02140,Male,35,Indore,Madhya Pradesh,Central,2,2024-07-21
CUST02141,Male,41,Delhi,Delhi,North,1,2023-03-23
CUST02142,Female,32,Lucknow,Uttar Pradesh,North,2,2023-10-17
CUST02143,Male,35,Pune,Maharashtra,West,1,2023-10-16
CUST02144,Female,37,Ahmedabad,Gujarat,West,2,2024-03-16
CUST02145,Male,25,Pune,Maharashtra,West,1,2024-06-12
CUST02146,Female,38,Pune,Maharashtra,West,1,2023-04-14
CUST02147,Male,23,Coimbatore,Tamil Nadu,South,3,2023-06-18
CUST02148,Female,42,Lucknow,Uttar Pradesh,North,2,2024-04-08
CUST02149,Female,30,Delhi,Delhi,North,1,2024-06-14
CUST02150,Female,27,Lucknow,Uttar Pradesh,North,2,2024-11-19
CUST02151,Male,31,Kolkata,West Bengal,East,1,2024-01-12
CUST02152,Male,32,Chandigarh,Punjab,North,2,2023-07-23
CUST02153,Female,39,Jaipur,Rajasthan,North,2,2023-07-08
CUST02154,Female,32,Lucknow,Uttar Pradesh,North,2,2024-02-13
CUST02155,Male,26,Bengaluru,Karnataka,South,1,2023-02-28
CUST02156,Male,42,Patna,Bihar,East,3,2023-07-22
CUST02157,Female,29,Jaipur,Rajasthan,North,2,2023-07-01
CUST02158,Female,25,Patna,Bihar,East,3,2023-08-28
CUST02159,Male,36,Jaipur,Rajasthan,North,2,2024-06-26
CUST02160,Male,44,Ahmedabad,Gujarat,West,2,2024-05-20
CUST02161,Female,23,Bengaluru,Karnataka,South,1,2024-03-14
CUST02162,Female,37,Chennai,Tamil Nadu,South,1,2024-05-30
CUST02163,Male,22,Delhi,Delhi,North,1,2024-08-14
CUST02164,Male,27,Mumbai,Maharashtra,West,1,2023-05-07
CUST02165,Female,34,Bengaluru,Karnataka,South,1,2024-06-11
CUST02166,Female,39,Chennai,Tamil Nadu,South,1,2023-12-26
CUST02167,Male,42,Bengaluru,Karnataka,South,1,2023-08-10
CUST02168,Male,42,Guwahati,Assam,East,3,2023-10-14
CUST02169,Female,25,Ahmedabad,Gujarat,West,2,2023-09-18
CUST02170,Male,35,Patna,Bihar,East,3,2023-10-05
CUST02171,Female,26,Mumbai,Maharashtra,West,1,2023-01-17
CUST02172,Male,26,Ahmedabad,Gujarat,West,2,2024-07-21
CUST02173,Female,27,Ahmedabad,Gujarat,West,2,2023-05-15
CUST02174,Male,18,Pune,Maharashtra,West,1,2024-10-05
CUST02175,Male,29,Kolkata,West Bengal,East,1,2023-10-21
CUST02176,Male,33,Bengaluru,Karnataka,South,1,2023-03-07
CUST02177,Male,22,Delhi,Delhi,North,1,2024-09-01
CUST02178,Female,35,Mumbai,Maharashtra,West,1,2024-05-26
CUST02179,Female,42,Bhopal,Madhya Pradesh,Central,2,2023-03-20
CUST02180,Female,46,Chennai,Tamil Nadu,South,1,2024-09-11
CUST02181,Female,33,Delhi,Delhi,North,1,2024-03-14
CUST02182,Male,30,Coimbatore,Tamil Nadu,South,3,2023-08-24
CUST02183,Female,18,Ahmedabad,Gujarat,West,2,2023-05-22
CUST02184,Female,26,Mumbai,Maharashtra,West,1,2024-06-18
CUST02185,Male,18,Nagpur,Maharashtra,West,3,2024-03-20
CUST02186,Male,47,Guwahati,Assam,East,3,2023-09-15
CUST02187,Male,33,Mumbai,Maharashtra,West,1,2024-02-20
CUST02188,Male,31,Indore,Madhya Pradesh,Central,2,2024-10-03
CUST02189,Male,25,Indore,Madhya Pradesh,Central,2,2023-08-23
CUST02190,Female,38,Mumbai,Maharashtra,West,1,2023-11-27
CUST02191,Female,34,Delhi,Delhi,North,1,2024-07-07
CUST02192,Male,18,Pune,Maharashtra,West,1,2024-09-30
CUST02193,Female,28,Delhi,Delhi,North,1,2024-11-20
CUST02194,Female,20,Kochi,Kerala,South,3,2024-04-11
CUST02195,Female,39,Mumbai,Maharashtra,West,1,2023-11-04
CUST02196,Female,24,Kolkata,West Bengal,East,1,2024-07-26
CUST02197,Male,23,Indore,Madhya Pradesh,Central,2,2024-10-28
CUST02198,Male,36,Kolkata,West Bengal,East,1,2024-01-06
CUST02199,Female,18,Kolkata,West Bengal,East,1,2023-07-30
CUST02200,Female,32,Pune,Maharashtra,West,1,2024-06-05
CUST02201,Male,29,Jaipur,Rajasthan,North,2,2023-06-02
CUST02202,Female,40,Chennai,Tamil Nadu,South,1,2024-10-22
CUST02203,Female,18,Indore,Madhya Pradesh,Central,2,2023-01-13
CUST02204,Male,21,Kolkata,West Bengal,East,1,2023-07-12
CUST02205,Male,46,Lucknow,Uttar Pradesh,North,2,2024-11-14
CUST02206,Female,26,Bhopal,Madhya Pradesh,Central,2,2023-08-08
CUST02207,Female,33,Pune,Maharashtra,West,1,2023-06-15
CUST02208,Male,35,Hyderabad,Telangana,South,1,2023-02-10
CUST02209,Male,35,Chandigarh,Punjab,North,2,2023-06-09
CUST02210,Female,24,Bhopal,Madhya Pradesh,Central,2,2024-01-17
CUST02211,Male,34,Delhi,Delhi,North,1,2023-05-25
CUST02212,Male,34,Mumbai,Maharashtra,West,1,2024-05-12
CUST02213,Male,44,Pune,Maharashtra,West,1,2023-08-07
CUST02214,Male,29,Mumbai,Maharashtra,West,1,2023-12-05
CUST02215,Male,45,Patna,Bihar,East,3,2024-02-23
CUST02216,Male,39,Hyderabad,Telangana,South,1,2024-05-02
CUST02217,Female,31,Chandigarh,Punjab,North,2,2023-08-29
CUST02218,Female,29,Chennai,Tamil Nadu,South,1,2023-11-03
CUST02219,Male,35,Mumbai,Maharashtra,West,1,2024-11-21
CUST02220,Male,36,Hyderabad,Telangana,South,1,2024-06-01
CUST02221,Female,21,Ahmedabad,Gujarat,West,2,2024-02-16
CUST02222,Female,37,Mumbai,Maharashtra,West,1,2023-05-20
CUST02223,Male,24,Indore,Madhya Pradesh,Central,2,2024-02-04
CUST02224,Female,37,Hyderabad,Telangana,South,1,2023-03-01
CUST02225,Male,35,Ahmedabad,Gujarat,West,2,2023-03-14
CUST02226,Female,36,Bengaluru,Karnataka,South,1,2023-09-16
CUST02227,Female,38,Hyderabad,Telangana,South,1,2024-02-09
CUST02228,Male,25,Mumbai,Maharashtra,West,1,2024-04-24
CUST02229,Male,18,Mumbai,Maharashtra,West,1,2023-10-14
CUST02230,Female,43,Chennai,Tamil Nadu,South,1,2023-07-26
CUST02231,Male,36,Mumbai,Maharashtra,West,1,2024-11-06
CUST02232,Male,37,Bengaluru,Karnataka,South,1,2023-03-27
CUST02233,Female,33,Mumbai,Maharashtra,West,1,2024-04-07
CUST02234,Male,32,Lucknow,Uttar Pradesh,North,2,2023-08-22
CUST02235,Male,36,Bengaluru,Karnataka,South,1,2024-10-17
CUST02236,Male,34,Bhopal,Madhya Pradesh,Central,2,2023-09-03
CUST02237,Female,38,Bengaluru,Karnataka,South,1,2024-10-31
CUST02238,Male,36,Hyderabad,Telangana,South,1,2023-05-12
CUST02239,Male,53,Bengaluru,Karnataka,South,1,2023-07-22
CUST02240,Female,34,Patna,Bihar,East,3,2024-05-27
CUST02241,Male,38,Indore,Madhya Pradesh,Central,2,2024-08-25
CUST02242,Female,27,Bengaluru,Karnataka,South,1,2023-04-23
CUST02243,Male,31,Chennai,Tamil Nadu,South,1,2023-08-11
CUST02244,Female,23,Lucknow,Uttar Pradesh,North,2,2023-02-24
CUST02245,Female,24,Kochi,Kerala,South,3,2024-10-24
CUST02246,Male,34,Ahmedabad,Gujarat,West,2,2023-11-03
CUST02247,Male,55,Nagpur,Maharashtra,West,3,2024-08-16
CUST02248,Female,32,Hyderabad,Telangana,South,1,2023-09-10
CUST02249,Female,36,Hyderabad,Telangana,South,1,2023-02-15
CUST02250,Male,34,Indore,Madhya Pradesh,Central,2,2024-01-18
CUST02251,Female,18,Hyderabad,Telangana,South,1,2024-08-03
CUST02252,Female,37,Bengaluru,Karnataka,South,1,2023-02-05
CUST02253,Male,39,Delhi,Delhi,North,1,2024-03-13
CUST02254,Male,38,Jaipur,Rajasthan,North,2,2023-09-04
CUST02255,Male,25,Mumbai,Maharashtra,West,1,2024-06-02
CUST02256,Male,18,Lucknow,Uttar Pradesh,North,2,2024-10-23
CUST02257,Male,27,Delhi,Delhi,North,1,2024-10-24
CUST02258,Male,39,Chennai,Tamil Nadu,South,1,2024-05-28
CUST02259,Male,34,Kolkata,West Bengal,East,1,2024-05-12
CUST02260,Female,30,Ranchi,Jharkhand,East,3,2023-05-29
CUST02261,Female,39,Bengaluru,Karnataka,South,1,2023-04-16
CUST02262,Female,43,Delhi,Delhi,North,1,2023-03-22
CUST02263,Male,23,Mumbai,Maharashtra,West,1,2023-12-27
CUST02264,Male,30,Patna,Bihar,East,3,2023-10-29
CUST02265,Male,21,Lucknow,Uttar Pradesh,North,2,2023-11-13
CUST02266,Female,30,Kolkata,West Bengal,East,1,2023-06-04
CUST02267,Male,29,Pune,Maharashtra,West,1,2024-06-11
CUST02268,Male,29,Coimbatore,Tamil Nadu,South,3,2024-03-01
CUST02269,Male,30,Kolkata,West Bengal,East,1,2024-03-31
CUST02270,Male,31,Hyderabad,Telangana,South,1,2024-10-05
CUST02271,Female,37,Bengaluru,Karnataka,South,1,2023-02-07
CUST02272,Male,29,Indore,Madhya Pradesh,Central,2,2023-10-25
CUST02273,Male,25,Bengaluru,Karnataka,South,1,2024-10-15
CUST02274,Male,26,Chennai,Tamil Nadu,South,1,2023-09-30
CUST02275,Male,30,Lucknow,Uttar Pradesh,North,2,2023-01-01
CUST02276,Male,31,Delhi,Delhi,North,1,2023-04-05
CUST02277,Female,36,Ahmedabad,Gujarat,West,2,2023-08-03
CUST02278,Female,18,Delhi,Delhi,North,1,2023-04-30
CUST02279,Male,33,Mumbai,Maharashtra,West,1,2023-05-23
CUST02280,Male,56,Hyderabad,Telangana,South,1,2024-03-21
CUST02281,Male,30,Patna,Bihar,East,3,2023-07-12
CUST02282,Female,37,Chandigarh,Punjab,North,2,2023-12-07
CUST02283,Female,24,Bengaluru,Karnataka,South,1,2024-07-24
CUST02284,Male,29,Jaipur,Rajasthan,North,2,2023-11-20
CUST02285,Male,32,Bengaluru,Karnataka,South,1,2023-10-24
CUST02286,Female,44,Pune,Maharashtra,West,1,2024-03-07
CUST02287,Male,43,Bengaluru,Karnataka,South,1,2024-01-24
CUST02288,Male,31,Nagpur,Maharashtra,West,3,2024-08-23
CUST02289,Male,49,Patna,Bihar,East,3,2023-02-01
CUST02290,Female,23,Hyderabad,Telangana,South,1,2024-06-23
CUST02291,Female,43,Nagpur,Maharashtra,West,3,2023-06-16
CUST02292,Male,21,Mumbai,Maharashtra,West,1,2023-11-29
CUST02293,Female,47,Coimbatore,Tamil Nadu,South,3,2023-04-26
CUST02294,Female,26,Delhi,Delhi,North,1,2024-08-05
CUST02295,Male,40,Delhi,Delhi,North,1,2023-08-08
CUST02296,Female,32,Jaipur,Rajasthan,North,2,2024-04-19
CUST02297,Male,34,Pune,Maharashtra,West,1,2023-06-06
CUST02298,Male,45,Pune,Maharashtra,West,1,2023-11-03
CUST02299,Female,37,Ranchi,Jharkhand,East,3,2024-05-11
CUST02300,Male,18,Coimbatore,Tamil Nadu,South,3,2023-06-23
CUST02301,Female,28,Pune,Maharashtra,West,1,2023-10-06
CUST02302,Female,41,Surat,Gujarat,West,2,2024-01-15
CUST02303,Female,33,Bhopal,Madhya Pradesh,Central,2,2024-02-25
CUST02304,Female,25,Chandigarh,Punjab,North,2,2024-03-02
CUST02305,Male,26,Lucknow,Uttar Pradesh,North,2,2024-11-14
CUST02306,Male,42,Delhi,Delhi,North,1,2024-05-04
CUST02307,Male,18,Kolkata,West Bengal,East,1,2023-08-04
CUST02308,Female,28,Ahmedabad,Gujarat,West,2,2023-05-13
CUST02309,Female,46,Kochi,Kerala,South,3,2024-09-23
CUST02310,Female,30,Pune,Maharashtra,West,1,2023-02-06
CUST02311,Male,41,Delhi,Delhi,North,1,2024-09-14
CUST02312,Male,18,Delhi,Delhi,North,1,2023-02-16
CUST02313,Male,32,Chennai,Tamil Nadu,South,1,2023-09-05
CUST02314,Male,37,Bengaluru,Karnataka,South,1,2023-06-05
CUST02315,Female,27,Hyderabad,Telangana,South,1,2023-03-10
CUST02316,Female,31,Bhopal,Madhya Pradesh,Central,2,2024-10-25
CUST02317,Female,32,Bengaluru,Karnataka,South,1,2023-09-28
CUST02318,Female,44,Delhi,Delhi,North,1,2023-05-23
CUST02319,Female,34,Delhi,Delhi,North,1,2023-04-17
CUST02320,Female,39,Kochi,Kerala,South,3,2023-09-16
CUST02321,Female,30,Coimbatore,Tamil Nadu,South,3,2024-03-01
CUST02322,Female,31,Indore,Madhya Pradesh,Central,2,2024-02-19
CUST02323,Male,18,Mumbai,Maharashtra,West,1,2024-10-25
CUST02324,Male,30,Chennai,Tamil Nadu,South,1,2023-01-18
CUST02325,Female,41,Delhi,Delhi,North,1,2023-01-01
CUST02326,Male,38,Patna,Bihar,East,3,2023-02-01
CUST02327,Male,29,Nagpur,Maharashtra,West,3,2023-03-15
CUST02328,Male,31,Patna,Bihar,East,3,2023-11-26
CUST02329,Female,18,Kochi,Kerala,South,3,2024-08-27
CUST02330,Female,23,Coimbatore,Tamil Nadu,South,3,2023-11-10
CUST02331,Female,34,Hyderabad,Telangana,South,1,2024-07-16
CUST02332,Male,36,Ranchi,Jharkhand,East,3,2024-11-20
CUST02333,Male,27,Delhi,Delhi,North,1,2023-09-16
CUST02334,Female,26,Pune,Maharashtra,West,1,2023-03-25
CUST02335,Male,20,Delhi,Delhi,North,1,2023-06-21
CUST02336,Female,40,Kolkata,West Bengal,East,1,2023-11-28
CUST02337,Female,31,Mumbai,Maharashtra,West,1,2023-01-29
CUST02338,Male,22,Mumbai,Maharashtra,West,1,2023-09-12
CUST02339,Male,41,Hyderabad,Telangana,South,1,2024-10-05
CUST02340,Male,34,Delhi,Delhi,North,1,2023-06-11
CUST02341,Male,26,Hyderabad,Telangana,South,1,2024-07-20
CUST02342,Female,36,Surat,Gujarat,West,2,2024-04-20
CUST02343,Female,23,Kolkata,West Bengal,East,1,2024-11-23
CUST02344,Female,38,Bengaluru,Karnataka,South,1,2024-04-13
CUST02345,Female,22,Bengaluru,Karnataka,South,1,2023-04-26
CUST02346,Male,21,Chennai,Tamil Nadu,South,1,2023-09-14
CUST02347,Female,31,Nagpur,Maharashtra,West,3,2023-10-31
CUST02348,Female,27,Surat,Gujarat,West,2,2024-03-30
CUST02349,Male,25,Hyderabad,Telangana,South,1,2023-06-24
CUST02350,Male,35,Kolkata,West Bengal,East,1,2023-02-20
CUST02351,Male,29,Jaipur,Rajasthan,North,2,2023-10-01
CUST02352,Male,28,Delhi,Delhi,North,1,2023-08-27
CUST02353,Male,41,Pune,Maharashtra,West,1,2024-02-14
CUST02354,Female,41,Mumbai,Maharashtra,West,1,2023-04-18
CUST02355,Male,41,Chennai,Tamil Nadu,South,1,2023-11-25
CUST02356,Female,31,Delhi,Delhi,North,1,2023-04-16
CUST02357,Female,33,Chandigarh,Punjab,North,2,2023-12-16
CUST02358,Female,40,Pune,Maharashtra,West,1,2023-10-12
CUST02359,Male,27,Guwahati,Assam,East,3,2023-10-06
CUST02360,Female,26,Pune,Maharashtra,West,1,2024-02-28
CUST02361,Female,29,Kolkata,West Bengal,East,1,2023-04-22
CUST02362,Male,34,Bengaluru,Karnataka,South,1,2023-08-26
CUST02363,Female,37,Chennai,Tamil Nadu,South,1,2024-09-09
CUST02364,Male,35,Ahmedabad,Gujarat,West,2,2023-02-15
CUST02365,Male,18,Mumbai,Maharashtra,West,1,2024-02-20
CUST02366,Male,35,Ahmedabad,Gujarat,West,2,2023-01-15
CUST02367,Male,28,Guwahati,Assam,East,3,2024-04-23
CUST02368,Female,44,Kolkata,West Bengal,East,1,2023-03-11
CUST02369,Female,28,Patna,Bihar,East,3,2024-03-25
CUST02370,Female,34,Mumbai,Maharashtra,West,1,2023-10-06
CUST02371,Male,42,Lucknow,Uttar Pradesh,North,2,2024-10-17
CUST02372,Male,35,Kochi,Kerala,South,3,2024-02-03
CUST02373,Male,29,Delhi,Delhi,North,1,2023-06-18
CUST02374,Female,27,Bengaluru,Karnataka,South,1,2024-05-16
CUST02375,Male,20,Hyderabad,Telangana,South,1,2024-04-27
CUST02376,Female,22,Mumbai,Maharashtra,West,1,2024-05-30
CUST02377,Female,38,Lucknow,Uttar Pradesh,North,2,2024-09-28
CUST02378,Female,38,Chennai,Tamil Nadu,South,1,2024-01-11
CUST02379,Female,32,Kolkata,West Bengal,East,1,2024-01-15
CUST02380,Male,26,Bengaluru,Karnataka,South,1,2023-09-11
CUST02381,Female,18,Mumbai,Maharashtra,West,1,2024-01-23
CUST02382,Female,27,Coimbatore,Tamil Nadu,South,3,2023-11-07
CUST02383,Male,36,Kolkata,West Bengal,East,1,2024-02-12
CUST02384,Female,26,Chennai,Tamil Nadu,South,1,2024-11-01
CUST02385,Female,20,Bengaluru,Karnataka,South,1,2024-08-25
CUST02386,Female,23,Kolkata,West Bengal,East,1,2024-09-20
CUST02387,Female,36,Mumbai,Maharashtra,West,1,2023-04-20
CUST02388,Male,39,Kochi,Kerala,South,3,2023-12-18
CUST02389,Male,18,Delhi,Delhi,North,1,2024-10-28
CUST02390,Male,50,Nagpur,Maharashtra,West,3,2023-08-28
CUST02391,Male,22,Bengaluru,Karnataka,South,1,2024-09-17
CUST02392,Female,35,Coimbatore,Tamil Nadu,South,3,2023-07-17
CUST02393,Male,23,Bhopal,Madhya Pradesh,Central,2,2024-04-20
CUST02394,Male,32,Hyderabad,Telangana,South,1,2024-04-15
CUST02395,Female,36,Chandigarh,Punjab,North,2,2023-01-04
CUST02396,Female,39,Chennai,Tamil Nadu,South,1,2023-12-26
CUST02397,Female,30,Kolkata,West Bengal,East,1,2024-06-17
CUST02398,Male,30,Chandigarh,Punjab,North,2,2023-07-14
CUST02399,Female,31,Indore,Madhya Pradesh,Central,2,2023-09-01
CUST02400,Female,34,Nagpur,Maharashtra,West,3,2023-02-17
CUST02401,Female,42,Mumbai,Maharashtra,West,1,2023-04-17
CUST02402,Male,22,Jaipur,Rajasthan,North,2,2023-12-15
CUST02403,Male,32,Jaipur,Rajasthan,North,2,2023-03-07
CUST02404,Male,18,Hyderabad,Telangana,South,1,2024-06-10
CUST02405,Female,36,Bengaluru,Karnataka,South,1,2023-01-12
CUST02406,Male,20,Hyderabad,Telangana,South,1,2023-07-25
CUST02407,Male,34,Hyderabad,Telangana,South,1,2024-05-10
CUST02408,Male,24,Pune,Maharashtra,West,1,2023-05-18
CUST02409,Male,37,Hyderabad,Telangana,South,1,2024-03-19
CUST02410,Male,32,Bhopal,Madhya Pradesh,Central,2,2024-03-25
CUST02411,Female,28,Mumbai,Maharashtra,West,1,2024-11-13
CUST02412,Male,39,Chennai,Tamil Nadu,South,1,2024-09-18
CUST02413,Female,48,Indore,Madhya Pradesh,Central,2,2023-04-26
CUST02414,Male,42,Mumbai,Maharashtra,West,1,2024-06-19
CUST02415,Male,38,Ahmedabad,Gujarat,West,2,2023-05-29
CUST02416,Female,44,Chandigarh,Punjab,North,2,2023-08-22
CUST02417,Female,30,Delhi,Delhi,North,1,2023-01-25
CUST02418,Female,28,Delhi,Delhi,North,1,2024-02-06
CUST02419,Female,36,Bengaluru,Karnataka,South,1,2024-03-19
CUST02420,Male,31,Kochi,Kerala,South,3,2024-07-19
CUST02421,Male,27,Patna,Bihar,East,3,2024-09-24
CUST02422,Male,45,Patna,Bihar,East,3,2023-09-01
CUST02423,Female,28,Kolkata,West Bengal,East,1,2024-09-06
CUST02424,Male,50,Ahmedabad,Gujarat,West,2,2024-08-02
CUST02425,Female,24,Nagpur,Maharashtra,West,3,2023-02-07
CUST02426,Male,34,Coimbatore,Tamil Nadu,South,3,2024-10-06
CUST02427,Female,28,Chandigarh,Punjab,North,2,2024-02-09
CUST02428,Male,26,Chennai,Tamil Nadu,South,1,2024-06-16
CUST02429,Male,30,Bhopal,Madhya Pradesh,Central,2,2024-06-03
CUST02430,Female,25,Delhi,Delhi,North,1,2024-01-05
CUST02431,Male,27,Bengaluru,Karnataka,South,1,2023-03-02
CUST02432,Female,29,Mumbai,Maharashtra,West,1,2023-11-15
CUST02433,Male,44,Jaipur,Rajasthan,North,2,2024-08-11
CUST02434,Female,32,Kolkata,West Bengal,East,1,2023-03-26
CUST02435,Female,41,Chennai,Tamil Nadu,South,1,2023-02-18
CUST02436,Male,36,Mumbai,Maharashtra,West,1,2023-05-13
CUST02437,Female,39,Kochi,Kerala,South,3,2023-08-29
CUST02438,Male,31,Guwahati,Assam,East,3,2024-11-10
CUST02439,Female,18,Chandigarh,Punjab,North,2,2023-03-22
CUST02440,Female,41,Bengaluru,Karnataka,South,1,2024-06-26
CUST02441,Male,50,Pune,Maharashtra,West,1,2024-07-21
CUST02442,Male,31,Mumbai,Maharashtra,West,1,2024-03-16
CUST02443,Male,26,Chennai,Tamil Nadu,South,1,2023-07-03
CUST02444,Female,29,Kolkata,West Bengal,East,1,2024-07-06
CUST02445,Male,46,Mumbai,Maharashtra,West,1,2024-03-13
CUST02446,Male,44,Pune,Maharashtra,West,1,2023-10-19
CUST02447,Male,33,Coimbatore,Tamil Nadu,South,3,2024-05-30
CUST02448,Female,25,Mumbai,Maharashtra,West,1,2023-07-14
CUST02449,Male,36,Pune,Maharashtra,West,1,2023-08-12
CUST02450,Male,32,Bengaluru,Karnataka,South,1,2024-01-31
CUST02451,Male,30,Chennai,Tamil Nadu,South,1,2024-05-14
CUST02452,Male,28,Ahmedabad,Gujarat,West,2,2024-03-31
CUST02453,Male,45,Patna,Bihar,East,3,2023-04-05
CUST02454,Female,26,Kolkata,West Bengal,East,1,2024-08-09
CUST02455,Male,40,Delhi,Delhi,North,1,2024-02-23
CUST02456,Male,25,Chandigarh,Punjab,North,2,2023-07-04
CUST02457,Female,18,Nagpur,Maharashtra,West,3,2023-07-21
CUST02458,Male,30,Nagpur,Maharashtra,West,3,2023-09-30
CUST02459,Female,42,Kochi,Kerala,South,3,2024-03-28
CUST02460,Male,18,Indore,Madhya Pradesh,Central,2,2023-03-25
CUST02461,Female,19,Jaipur,Rajasthan,North,2,2024-01-13
CUST02462,Male,22,Jaipur,Rajasthan,North,2,2023-03-20
CUST02463,Female,26,Chennai,Tamil Nadu,South,1,2024-04-07
CUST02464,Female,33,Bengaluru,Karnataka,South,1,2023-01-19
CUST02465,Male,40,Delhi,Delhi,North,1,2023-12-09
CUST02466,Male,36,Chennai,Tamil Nadu,South,1,2023-08-14
CUST02467,Female,33,Jaipur,Rajasthan,North,2,2023-07-30
CUST02468,Male,26,Delhi,Delhi,North,1,2023-12-23
CUST02469,Female,31,Jaipur,Rajasthan,North,2,2023-04-07
CUST02470,Male,37,Hyderabad,Telangana,South,1,2023-10-15
CUST02471,Female,33,Bhopal,Madhya Pradesh,Central,2,2023-11-27
CUST02472,Female,27,Delhi,Delhi,North,1,2023-04-15
CUST02473,Male,35,Kochi,Kerala,South,3,2023-12-07
CUST02474,Female,38,Ahmedabad,Gujarat,West,2,2024-05-09
CUST02475,Male,35,Pune,Maharashtra,West,1,2023-09-19
CUST02476,Female,38,Pune,Maharashtra,West,1,2024-07-16
CUST02477,Female,33,Nagpur,Maharashtra,West,3,2023-07-11
CUST02478,Female,21,Bengaluru,Karnataka,South,1,2023-11-13
CUST02479,Male,47,Bengaluru,Karnataka,South,1,2023-02-05
CUST02480,Female,38,Delhi,Delhi,North,1,2023-06-29
CUST02481,Male,40,Delhi,Delhi,North,1,2023-03-04
CUST02482,Female,42,Pune,Maharashtra,West,1,2023-04-19
CUST02483,Male,18,Bengaluru,Karnataka,South,1,2023-10-21
CUST02484,Male,37,Ahmedabad,Gujarat,West,2,2023-03-29
CUST02485,Male,33,Chennai,Tamil Nadu,South,1,2024-03-06
CUST02486,Male,31,Bengaluru,Karnataka,South,1,2023-03-07
CUST02487,Male,33,Delhi,Delhi,North,1,2024-02-19
CUST02488,Female,32,Lucknow,Uttar Pradesh,North,2,2024-11-20
CUST02489,Male,28,Chennai,Tamil Nadu,South,1,2024-09-11
CUST02490,Female,27,Chennai,Tamil Nadu,South,1,2023-08-30
CUST02491,Female,22,Indore,Madhya Pradesh,Central,2,2023-05-03
CUST02492,Female,24,Delhi,Delhi,North,1,2023-11-28
CUST02493,Female,21,Jaipur,Rajasthan,North,2,2023-04-05
CUST02494,Female,26,Hyderabad,Telangana,South,1,2024-03-31
CUST02495,Male,32,Coimbatore,Tamil Nadu,South,3,2024-08-14
CUST02496,Female,28,Pune,Maharashtra,West,1,2023-01-26
CUST02497,Male,37,Bhopal,Madhya Pradesh,Central,2,2023-07-09
CUST02498,Male,50,Chandigarh,Punjab,North,2,2024-03-02
CUST02499,Female,34,Delhi,Delhi,North,1,2023-09-15
CUST02500,Male,33,Delhi,Delhi,North,1,2024-03-10
CUST02501,Female,34,Bengaluru,Karnataka,South,1,2023-06-30
CUST02502,Female,40,Nagpur,Maharashtra,West,3,2023-11-13
CUST02503,Male,21,Hyderabad,Telangana,South,1,2024-11-14
CUST02504,Female,36,Delhi,Delhi,North,1,2024-07-06
CUST02505,Male,34,Hyderabad,Telangana,South,1,2023-03-26
CUST02506,Female,38,Ahmedabad,Gujarat,West,2,2023-12-16
CUST02507,Female,21,Bengaluru,Karnataka,South,1,2024-10-14
CUST02508,Female,31,Bengaluru,Karnataka,South,1,2023-01-26
CUST02509,Female,19,Ahmedabad,Gujarat,West,2,2024-06-06
CUST02510,Female,18,Jaipur,Rajasthan,North,2,2024-10-29
CUST02511,Male,18,Bengaluru,Karnataka,South,1,2024-01-04
CUST02512,Male,41,Mumbai,Maharashtra,West,1,2023-06-04
CUST02513,Female,44,Delhi,Delhi,North,1,2023-05-17
CUST02514,Female,41,Pune,Maharashtra,West,1,2023-09-26
CUST02515,Female,18,Ahmedabad,Gujarat,West,2,2024-05-23
CUST02516,Female,31,Chennai,Tamil Nadu,South,1,2024-08-14
CUST02517,Male,30,Bengaluru,Karnataka,South,1,2023-01-03
CUST02518,Female,43,Kolkata,West Bengal,East,1,2024-08-31
CUST02519,Male,36,Delhi,Delhi,North,1,2023-05-11
CUST02520,Female,29,Ahmedabad,Gujarat,West,2,2023-09-03
CUST02521,Female,22,Nagpur,Maharashtra,West,3,2024-03-19
CUST02522,Male,24,Hyderabad,Telangana,South,1,2024-05-27
CUST02523,Male,23,Bengaluru,Karnataka,South,1,2024-08-30
CUST02524,Female,38,Lucknow,Uttar Pradesh,North,2,2023-08-04
CUST02525,Female,22,Hyderabad,Telangana,South,1,2023-07-15
CUST02526,Female,18,Delhi,Delhi,North,1,2024-04-10
CUST02527,Male,18,Kolkata,West Bengal,East,1,2024-05-06
CUST02528,Male,28,Bengaluru,Karnataka,South,1,2024-11-21
CUST02529,Female,42,Bengaluru,Karnataka,South,1,2024-06-29
CUST02530,Female,43,Chennai,Tamil Nadu,South,1,2024-04-12
CUST02531,Male,33,Delhi,Delhi,North,1,2024-09-23
CUST02532,Male,24,Mumbai,Maharashtra,West,1,2024-10-03
CUST02533,Male,30,Chandigarh,Punjab,North,2,2024-02-09
CUST02534,Female,22,Nagpur,Maharashtra,West,3,2024-10-07
CUST02535,Male,23,Ahmedabad,Gujarat,West,2,2024-06-17
CUST02536,Male,38,Ranchi,Jharkhand,East,3,2023-09-06
CUST02537,Male,18,Bengaluru,Karnataka,South,1,2024-08-06
CUST02538,Female,31,Surat,Gujarat,West,2,2023-03-15
CUST02539,Male,23,Surat,Gujarat,West,2,2024-05-29
CUST02540,Male,27,Delhi,Delhi,North,1,2023-07-21
CUST02541,Male,21,Indore,Madhya Pradesh,Central,2,2024-07-16
CUST02542,Female,35,Mumbai,Maharashtra,West,1,2023-12-27
CUST02543,Male,27,Patna,Bihar,East,3,2024-11-20
CUST02544,Male,20,Kolkata,West Bengal,East,1,2023-04-15
CUST02545,Male,45,Bengaluru,Karnataka,South,1,2024-05-18
CUST02546,Male,35,Hyderabad,Telangana,South,1,2024-07-07
CUST02547,Male,40,Bengaluru,Karnataka,South,1,2023-12-01
CUST02548,Male,36,Hyderabad,Telangana,South,1,2024-09-25
CUST02549,Female,34,Hyderabad,Telangana,South,1,2023-06-14
CUST02550,Male,46,Ahmedabad,Gujarat,West,2,2023-05-09
CUST02551,Male,26,Patna,Bihar,East,3,2023-09-30
CUST02552,Female,18,Chennai,Tamil Nadu,South,1,2023-08-22
CUST02553,Male,34,Pune,Maharashtra,West,1,2023-09-03
CUST02554,Male,18,Bhopal,Madhya Pradesh,Central,2,2023-02-20
CUST02555,Male,30,Lucknow,Uttar Pradesh,North,2,2023-09-19
CUST02556,Male,54,Delhi,Delhi,North,1,2024-10-02
CUST02557,Female,27,Hyderabad,Telangana,South,1,2023-04-07
CUST02558,Female,37,Bengaluru,Karnataka,South,1,2023-02-23
CUST02559,Male,31,Ahmedabad,Gujarat,West,2,2024-06-26
CUST02560,Female,33,Delhi,Delhi,North,1,2024-01-29
CUST02561,Male,35,Delhi,Delhi,North,1,2024-07-06
CUST02562,Male,27,Kolkata,West Bengal,East,1,2023-05-31
CUST02563,Male,33,Ahmedabad,Gujarat,West,2,2024-07-09
CUST02564,Female,32,Chennai,Tamil Nadu,South,1,2023-03-15
CUST02565,Male,32,Guwahati,Assam,East,3,2023-06-28
CUST02566,Male,24,Delhi,Delhi,North,1,2024-06-02
CUST02567,Female,18,Hyderabad,Telangana,South,1,2023-12-24
CUST02568,Female,30,Hyderabad,Telangana,South,1,2023-04-30
CUST02569,Male,34,Delhi,Delhi,North,1,2023-12-10
CUST02570,Male,20,Jaipur,Rajasthan,North,2,2023-01-27
CUST02571,Female,34,Mumbai,Maharashtra,West,1,2023-10-27
CUST02572,Female,38,Bengaluru,Karnataka,South,1,2024-05-30
CUST02573,Male,33,Bhopal,Madhya Pradesh,Central,2,2024-01-21
CUST02574,Male,29,Delhi,Delhi,North,1,2024-08-15
CUST02575,Male,41,Delhi,Delhi,North,1,2024-09-15
CUST02576,Male,31,Nagpur,Maharashtra,West,3,2024-01-29
CUST02577,Female,45,Coimbatore,Tamil Nadu,South,3,2023-07-21
CUST02578,Male,48,Patna,Bihar,East,3,2023-11-16
CUST02579,Male,31,Kolkata,West Bengal,East,1,2024-10-10
CUST02580,Female,42,Hyderabad,Telangana,South,1,2024-10-20
CUST02581,Female,37,Jaipur,Rajasthan,North,2,2024-05-16
CUST02582,Female,19,Hyderabad,Telangana,South,1,2023-02-16
CUST02583,Female,30,Chennai,Tamil Nadu,South,1,2024-07-29
CUST02584,Male,28,Hyderabad,Telangana,South,1,2024-03-13
CUST02585,Male,24,Indore,Madhya Pradesh,Central,2,2023-07-04
CUST02586,Female,40,Bengaluru,Karnataka,South,1,2023-11-05
CUST02587,Female,18,Delhi,Delhi,North,1,2023-07-24
CUST02588,Female,39,Chennai,Tamil Nadu,South,1,2023-03-31
CUST02589,Male,28,Kolkata,West Bengal,East,1,2023-04-12
CUST02590,Male,18,Surat,Gujarat,West,2,2024-05-01
CUST02591,Female,25,Indore,Madhya Pradesh,Central,2,2024-02-02
CUST02592,Female,36,Ahmedabad,Gujarat,West,2,2023-09-17
CUST02593,Male,38,Delhi,Delhi,North,1,2023-01-20
CUST02594,Female,29,Delhi,Delhi,North,1,2023-06-29
CUST02595,Male,33,Pune,Maharashtra,West,1,2023-01-14
CUST02596,Female,35,Coimbatore,Tamil Nadu,South,3,2024-08-11
CUST02597,Male,28,Ahmedabad,Gujarat,West,2,2024-08-01
CUST02598,Male,28,Kolkata,West Bengal,East,1,2023-06-30
CUST02599,Female,18,Mumbai,Maharashtra,West,1,2024-07-06
CUST02600,Female,41,Guwahati,Assam,East,3,2023-01-31
CUST02601,Male,27,Jaipur,Rajasthan,North,2,2024-10-12
CUST02602,Male,27,Bengaluru,Karnataka,South,1,2024-08-08
CUST02603,Female,18,Bengaluru,Karnataka,South,1,2023-05-17
CUST02604,Female,46,Ahmedabad,Gujarat,West,2,2023-02-02
CUST02605,Male,22,Guwahati,Assam,East,3,2024-06-25
CUST02606,Male,36,Kolkata,West Bengal,East,1,2023-06-19
CUST02607,Female,32,Indore,Madhya Pradesh,Central,2,2024-05-02
CUST02608,Female,27,Bengaluru,Karnataka,South,1,2024-07-04
CUST02609,Female,30,Chennai,Tamil Nadu,South,1,2023-07-10
CUST02610,Male,33,Hyderabad,Telangana,South,1,2023-05-16
CUST02611,Male,22,Coimbatore,Tamil Nadu,South,3,2024-03-19
CUST02612,Male,39,Hyderabad,Telangana,South,1,2023-09-07
CUST02613,Male,34,Lucknow,Uttar Pradesh,North,2,2023-06-25
CUST02614,Male,28,Kolkata,West Bengal,East,1,2024-02-11
CUST02615,Female,27,Delhi,Delhi,North,1,2023-12-21
CUST02616,Female,18,Delhi,Delhi,North,1,2024-08-18
CUST02617,Male,26,Lucknow,Uttar Pradesh,North,2,2024-11-12
CUST02618,Male,29,Chennai,Tamil Nadu,South,1,2023-05-18
CUST02619,Female,36,Pune,Maharashtra,West,1,2024-11-10
CUST02620,Male,24,Indore,Madhya Pradesh,Central,2,2024-07-12
CUST02621,Female,28,Delhi,Delhi,North,1,2023-05-26
CUST02622,Female,41,Kolkata,West Bengal,East,1,2023-06-11
CUST02623,Female,29,Ranchi,Jharkhand,East,3,2024-03-29
CUST02624,Male,18,Chennai,Tamil Nadu,South,1,2023-05-14
CUST02625,Female,40,Mumbai,Maharashtra,West,1,2024-04-26
CUST02626,Male,39,Bengaluru,Karnataka,South,1,2023-06-21
CUST02627,Male,39,Bengaluru,Karnataka,South,1,2024-05-12
CUST02628,Male,20,Lucknow,Uttar Pradesh,North,2,2024-11-26
CUST02629,Male,34,Pune,Maharashtra,West,1,2024-03-23
CUST02630,Female,20,Lucknow,Uttar Pradesh,North,2,2024-04-22
CUST02631,Female,27,Lucknow,Uttar Pradesh,North,2,2023-02-26
CUST02632,Male,45,Bengaluru,Karnataka,South,1,2023-02-13
CUST02633,Male,30,Kolkata,West Bengal,East,1,2023-06-03
CUST02634,Female,25,Hyderabad,Telangana,South,1,2024-10-15
CUST02635,Female,29,Hyderabad,Telangana,South,1,2024-03-23
CUST02636,Male,27,Guwahati,Assam,East,3,2024-04-09
CUST02637,Male,18,Mumbai,Maharashtra,West,1,2024-09-16
CUST02638,Male,32,Pune,Maharashtra,West,1,2024-01-09
CUST02639,Female,25,Coimbatore,Tamil Nadu,South,3,2024-08-24
CUST02640,Female,33,Pune,Maharashtra,West,1,2024-11-22
CUST02641,Male,18,Chandigarh,Punjab,North,2,2023-06-05
CUST02642,Male,25,Kolkata,West Bengal,East,1,2024-07-07
CUST02643,Female,41,Mumbai,Maharashtra,West,1,2024-06-25
CUST02644,Female,40,Jaipur,Rajasthan,North,2,2024-09-28
CUST02645,Male,23,Pune,Maharashtra,West,1,2024-01-27
CUST02646,Male,25,Bengaluru,Karnataka,South,1,2024-05-17
CUST02647,Male,26,Delhi,Delhi,North,1,2023-09-21
CUST02648,Female,24,Bengaluru,Karnataka,South,1,2023-04-09
CUST02649,Male,35,Kochi,Kerala,South,3,2023-12-16
CUST02650,Female,21,Lucknow,Uttar Pradesh,North,2,2024-04-03
CUST02651,Male,37,Chennai,Tamil Nadu,South,1,2024-09-24
CUST02652,Male,32,Nagpur,Maharashtra,West,3,2023-03-20
CUST02653,Male,38,Pune,Maharashtra,West,1,2024-01-19
CUST02654,Male,34,Hyderabad,Telangana,South,1,2024-09-23
CUST02655,Female,25,Pune,Maharashtra,West,1,2023-11-08
CUST02656,Male,24,Lucknow,Uttar Pradesh,North,2,2023-08-09
CUST02657,Male,29,Bengaluru,Karnataka,South,1,2024-10-01
CUST02658,Female,30,Chennai,Tamil Nadu,South,1,2023-05-17
CUST02659,Female,49,Kolkata,West Bengal,East,1,2024-07-07
CUST02660,Female,26,Mumbai,Maharashtra,West,1,2023-03-08
CUST02661,Male,42,Patna,Bihar,East,3,2024-03-31
CUST02662,Female,32,Chennai,Tamil Nadu,South,1,2023-05-02
CUST02663,Female,31,Indore,Madhya Pradesh,Central,2,2024-06-01
CUST02664,Male,30,Jaipur,Rajasthan,North,2,2023-12-26
CUST02665,Female,38,Delhi,Delhi,North,1,2024-04-08
CUST02666,Female,31,Coimbatore,Tamil Nadu,South,3,2023-12-03
CUST02667,Female,30,Mumbai,Maharashtra,West,1,2024-10-08
CUST02668,Female,18,Chennai,Tamil Nadu,South,1,2023-01-02
CUST02669,Female,42,Jaipur,Rajasthan,North,2,2024-01-03
CUST02670,Male,31,Bengaluru,Karnataka,South,1,2023-12-27
CUST02671,Female,30,Kolkata,West Bengal,East,1,2023-10-06
CUST02672,Male,33,Delhi,Delhi,North,1,2023-11-26
CUST02673,Female,43,Bengaluru,Karnataka,South,1,2023-11-04
CUST02674,Female,39,Hyderabad,Telangana,South,1,2023-06-10
CUST02675,Male,21,Kolkata,West Bengal,East,1,2024-02-05
CUST02676,Female,44,Chennai,Tamil Nadu,South,1,2023-09-07
CUST02677,Female,29,Chandigarh,Punjab,North,2,2023-02-07
CUST02678,Male,28,Mumbai,Maharashtra,West,1,2023-11-05
CUST02679,Male,21,Mumbai,Maharashtra,West,1,2023-05-03
CUST02680,Female,23,Surat,Gujarat,West,2,2023-02-28
CUST02681,Male,33,Hyderabad,Telangana,South,1,2023-08-06
CUST02682,Male,18,Hyderabad,Telangana,South,1,2023-12-19
CUST02683,Female,27,Bengaluru,Karnataka,South,1,2023-03-14
CUST02684,Male,20,Mumbai,Maharashtra,West,1,2024-10-09
CUST02685,Female,40,Kolkata,West Bengal,East,1,2024-02-14
CUST02686,Female,33,Delhi,Delhi,North,1,2023-07-26
CUST02687,Male,43,Pune,Maharashtra,West,1,2023-08-20
CUST02688,Male,25,Jaipur,Rajasthan,North,2,2023-01-17
CUST02689,Male,18,Mumbai,Maharashtra,West,1,2024-11-04
CUST02690,Male,37,Hyderabad,Telangana,South,1,2023-03-06
CUST02691,Female,34,Jaipur,Rajasthan,North,2,2024-06-01
CUST02692,Female,41,Mumbai,Maharashtra,West,1,2024-04-22
CUST02693,Male,28,Bengaluru,Karnataka,South,1,2023-11-25
CUST02694,Female,18,Lucknow,Uttar Pradesh,North,2,2024-08-23
CUST02695,Male,27,Patna,Bihar,East,3,2023-05-08
CUST02696,Female,32,Ahmedabad,Gujarat,West,2,2024-09-13
CUST02697,Male,28,Bhopal,Madhya Pradesh,Central,2,2023-04-28
CUST02698,Male,35,Delhi,Delhi,North,1,2023-08-05
CUST02699,Male,33,Indore,Madhya Pradesh,Central,2,2024-06-21
CUST02700,Male,35,Lucknow,Uttar Pradesh,North,2,2024-02-07
CUST02701,Male,28,Ranchi,Jharkhand,East,3,2024-06-20
CUST02702,Male,18,Bengaluru,Karnataka,South,1,2024-02-06
CUST02703,Female,38,Bengaluru,Karnataka,South,1,2024-05-20
CUST02704,Female,22,Kolkata,West Bengal,East,1,2024-08-21
CUST02705,Female,34,Hyderabad,Telangana,South,1,2024-10-18
CUST02706,Male,22,Ahmedabad,Gujarat,West,2,2023-06-05
CUST02707,Male,18,Hyderabad,Telangana,South,1,2023-04-27
CUST02708,Male,28,Chennai,Tamil Nadu,South,1,2024-10-21
CUST02709,Male,45,Lucknow,Uttar Pradesh,North,2,2024-05-17
CUST02710,Female,33,Bengaluru,Karnataka,South,1,2023-05-10
CUST02711,Female,31,Delhi,Delhi,North,1,2024-05-09
CUST02712,Male,34,Hyderabad,Telangana,South,1,2023-10-24
CUST02713,Female,34,Bengaluru,Karnataka,South,1,2023-06-21
CUST02714,Female,25,Ahmedabad,Gujarat,West,2,2023-04-03
CUST02715,Male,45,Delhi,Delhi,North,1,2024-01-27
CUST02716,Male,22,Bengaluru,Karnataka,South,1,2023-06-18
CUST02717,Female,30,Surat,Gujarat,West,2,2023-09-25
CUST02718,Male,23,Mumbai,Maharashtra,West,1,2024-03-13
CUST02719,Male,31,Coimbatore,Tamil Nadu,South,3,2024-09-03
CUST02720,Male,18,Mumbai,Maharashtra,West,1,2023-11-28
CUST02721,Female,52,Delhi,Delhi,North,1,2024-06-16
CUST02722,Male,43,Lucknow,Uttar Pradesh,North,2,2024-08-27
CUST02723,Female,45,Chennai,Tamil Nadu,South,1,2023-01-15
CUST02724,Male,38,Ahmedabad,Gujarat,West,2,2024-07-14
CUST02725,Female,51,Bengaluru,Karnataka,South,1,2024-04-02
CUST02726,Female,47,Lucknow,Uttar Pradesh,North,2,2023-10-06
CUST02727,Male,57,Bengaluru,Karnataka,South,1,2023-04-19
CUST02728,Female,44,Bengaluru,Karnataka,South,1,2024-05-23
CUST02729,Male,32,Ranchi,Jharkhand,East,3,2024-10-10
CUST02730,Female,35,Hyderabad,Telangana,South,1,2024-05-07
CUST02731,Female,45,Pune,Maharashtra,West,1,2023-03-22
CUST02732,Male,32,Delhi,Delhi,North,1,2024-01-11
CUST02733,Male,26,Pune,Maharashtra,West,1,2024-04-07
CUST02734,Female,36,Ahmedabad,Gujarat,West,2,2024-11-29
CUST02735,Female,40,Hyderabad,Telangana,South,1,2023-10-20
CUST02736,Male,39,Pune,Maharashtra,West,1,2024-10-24
CUST02737,Female,21,Nagpur,Maharashtra,West,3,2023-08-02
CUST02738,Male,29,Bhopal,Madhya Pradesh,Central,2,2024-09-12
CUST02739,Male,31,Bengaluru,Karnataka,South,1,2023-09-08
CUST02740,Male,24,Surat,Gujarat,West,2,2024-07-13
CUST02741,Female,27,Pune,Maharashtra,West,1,2024-04-24
CUST02742,Male,26,Hyderabad,Telangana,South,1,2024-07-26
CUST02743,Female,28,Delhi,Delhi,North,1,2023-06-19
CUST02744,Female,35,Nagpur,Maharashtra,West,3,2023-11-13
CUST02745,Female,42,Kochi,Kerala,South,3,2023-09-20
CUST02746,Male,40,Delhi,Delhi,North,1,2023-04-08
CUST02747,Female,44,Bengaluru,Karnataka,South,1,2023-08-30
CUST02748,Male,31,Chandigarh,Punjab,North,2,2024-05-03
CUST02749,Female,25,Bengaluru,Karnataka,South,1,2023-01-31
CUST02750,Male,37,Kolkata,West Bengal,East,1,2023-01-04
CUST02751,Male,44,Bengaluru,Karnataka,South,1,2023-12-29
CUST02752,Male,34,Lucknow,Uttar Pradesh,North,2,2024-04-27
CUST02753,Male,27,Bengaluru,Karnataka,South,1,2024-03-05
CUST02754,Male,34,Surat,Gujarat,West,2,2023-08-29
CUST02755,Female,26,Ahmedabad,Gujarat,West,2,2023-11-18
CUST02756,Female,24,Surat,Gujarat,West,2,2024-09-17
CUST02757,Female,29,Mumbai,Maharashtra,West,1,2023-09-12
CUST02758,Male,23,Bengaluru,Karnataka,South,1,2024-07-08
CUST02759,Male,18,Indore,Madhya Pradesh,Central,2,2023-03-07
CUST02760,Female,36,Bengaluru,Karnataka,South,1,2024-10-11
CUST02761,Female,21,Coimbatore,Tamil Nadu,South,3,2023-01-09
CUST02762,Male,33,Delhi,Delhi,North,1,2024-02-16
CUST02763,Female,23,Delhi,Delhi,North,1,2024-03-19
CUST02764,Female,30,Mumbai,Maharashtra,West,1,2024-02-20
CUST02765,Male,33,Delhi,Delhi,North,1,2023-08-15
CUST02766,Female,29,Indore,Madhya Pradesh,Central,2,2023-06-14
CUST02767,Male,32,Mumbai,Maharashtra,West,1,2024-05-21
CUST02768,Female,18,Pune,Maharashtra,West,1,2024-03-02
CUST02769,Female,26,Patna,Bihar,East,3,2024-09-26
CUST02770,Female,39,Ahmedabad,Gujarat,West,2,2024-11-29
CUST02771,Male,23,Pune,Maharashtra,West,1,2023-02-07
CUST02772,Female,23,Chennai,Tamil Nadu,South,1,2024-07-09
CUST02773,Female,41,Bhopal,Madhya Pradesh,Central,2,2023-12-28
CUST02774,Female,38,Coimbatore,Tamil Nadu,South,3,2023-12-13
CUST02775,Male,38,Chandigarh,Punjab,North,2,2024-05-29
CUST02776,Male,26,Ahmedabad,Gujarat,West,2,2024-02-17
CUST02777,Female,37,Pune,Maharashtra,West,1,2024-10-26
CUST02778,Male,28,Delhi,Delhi,North,1,2024-09-19
CUST02779,Female,20,Chandigarh,Punjab,North,2,2024-02-05
CUST02780,Female,30,Mumbai,Maharashtra,West,1,2024-09-16
CUST02781,Male,34,Chennai,Tamil Nadu,South,1,2024-03-12
CUST02782,Female,42,Hyderabad,Telangana,South,1,2023-09-29
CUST02783,Female,41,Bengaluru,Karnataka,South,1,2023-02-09
CUST02784,Male,30,Delhi,Delhi,North,1,2024-08-25
CUST02785,Male,41,Jaipur,Rajasthan,North,2,2023-10-01
CUST02786,Male,18,Indore,Madhya Pradesh,Central,2,2023-08-23
CUST02787,Female,30,Delhi,Delhi,North,1,2023-05-07
CUST02788,Male,25,Ahmedabad,Gujarat,West,2,2023-02-11
CUST02789,Female,19,Bhopal,Madhya Pradesh,Central,2,2023-03-31
CUST02790,Female,32,Pune,Maharashtra,West,1,2024-03-22
CUST02791,Male,29,Delhi,Delhi,North,1,2024-01-02
CUST02792,Male,30,Coimbatore,Tamil Nadu,South,3,2024-06-26
CUST02793,Female,27,Mumbai,Maharashtra,West,1,2023-02-16
CUST02794,Female,32,Delhi,Delhi,North,1,2024-02-03
CUST02795,Male,32,Chennai,Tamil Nadu,South,1,2024-08-24
CUST02796,Female,39,Bengaluru,Karnataka,South,1,2024-07-15
CUST02797,Male,30,Indore,Madhya Pradesh,Central,2,2023-03-28
CUST02798,Female,35,Chandigarh,Punjab,North,2,2024-03-01
CUST02799,Male,26,Kolkata,West Bengal,East,1,2024-11-01
CUST02800,Male,39,Hyderabad,Telangana,South,1,2024-11-08
CUST02801,Female,18,Jaipur,Rajasthan,North,2,2024-09-16
CUST02802,Male,18,Mumbai,Maharashtra,West,1,2024-11-28
CUST02803,Male,26,Kolkata,West Bengal,East,1,2023-10-29
CUST02804,Male,33,Delhi,Delhi,North,1,2024-05-30
CUST02805,Male,37,Indore,Madhya Pradesh,Central,2,2024-03-21
CUST02806,Male,18,Delhi,Delhi,North,1,2023-10-05
CUST02807,Female,49,Patna,Bihar,East,3,2023-01-17
CUST02808,Male,18,Indore,Madhya Pradesh,Central,2,2024-05-12
CUST02809,Male,34,Bhopal,Madhya Pradesh,Central,2,2024-11-24
CUST02810,Male,41,Mumbai,Maharashtra,West,1,2024-09-14
CUST02811,Male,26,Hyderabad,Telangana,South,1,2024-10-19
CUST02812,Male,27,Chennai,Tamil Nadu,South,1,2024-08-11
CUST02813,Female,25,Pune,Maharashtra,West,1,2024-08-26
CUST02814,Female,28,Pune,Maharashtra,West,1,2023-09-25
CUST02815,Female,28,Chennai,Tamil Nadu,South,1,2024-08-12
CUST02816,Male,23,Lucknow,Uttar Pradesh,North,2,2023-12-09
CUST02817,Male,23,Patna,Bihar,East,3,2023-09-27
CUST02818,Male,30,Kochi,Kerala,South,3,2023-05-30
CUST02819,Male,30,Mumbai,Maharashtra,West,1,2023-03-02
CUST02820,Female,22,Pune,Maharashtra,West,1,2023-04-10
CUST02821,Male,33,Lucknow,Uttar Pradesh,North,2,2023-07-28
CUST02822,Male,46,Bengaluru,Karnataka,South,1,2023-11-24
CUST02823,Female,18,Hyderabad,Telangana,South,1,2024-08-28
CUST02824,Male,39,Lucknow,Uttar Pradesh,North,2,2024-09-04
CUST02825,Female,39,Ahmedabad,Gujarat,West,2,2024-08-17
CUST02826,Male,31,Mumbai,Maharashtra,West,1,2023-06-28
CUST02827,Female,28,Chandigarh,Punjab,North,2,2023-03-14
CUST02828,Male,33,Pune,Maharashtra,West,1,2024-03-10
CUST02829,Female,32,Hyderabad,Telangana,South,1,2023-03-10
CUST02830,Male,21,Patna,Bihar,East,3,2023-09-20
CUST02831,Male,38,Bengaluru,Karnataka,South,1,2023-08-18
CUST02832,Female,37,Bengaluru,Karnataka,South,1,2024-02-24
CUST02833,Male,27,Chennai,Tamil Nadu,South,1,2024-11-19
CUST02834,Female,34,Ahmedabad,Gujarat,West,2,2024-04-06
CUST02835,Female,25,Delhi,Delhi,North,1,2024-06-12
CUST02836,Female,20,Bengaluru,Karnataka,South,1,2024-05-21
CUST02837,Male,31,Mumbai,Maharashtra,West,1,2024-10-20
CUST02838,Female,18,Lucknow,Uttar Pradesh,North,2,2024-05-22
CUST02839,Male,23,Ahmedabad,Gujarat,West,2,2023-02-08
CUST02840,Female,37,Nagpur,Maharashtra,West,3,2023-08-27
CUST02841,Male,33,Delhi,Delhi,North,1,2023-07-06
CUST02842,Male,33,Coimbatore,Tamil Nadu,South,3,2023-11-25
CUST02843,Male,40,Mumbai,Maharashtra,West,1,2024-06-14
CUST02844,Female,30,Chennai,Tamil Nadu,South,1,2024-04-21
CUST02845,Male,47,Indore,Madhya Pradesh,Central,2,2024-05-14
CUST02846,Male,34,Delhi,Delhi,North,1,2023-09-08
CUST02847,Male,37,Indore,Madhya Pradesh,Central,2,2024-02-20
CUST02848,Male,36,Lucknow,Uttar Pradesh,North,2,2023-09-01
CUST02849,Female,46,Pune,Maharashtra,West,1,2023-10-24
CUST02850,Female,36,Pune,Maharashtra,West,1,2023-12-01
CUST02851,Male,21,Bengaluru,Karnataka,South,1,2024-09-02
CUST02852,Male,27,Mumbai,Maharashtra,West,1,2023-03-06
CUST02853,Male,18,Lucknow,Uttar Pradesh,North,2,2024-08-25
CUST02854,Male,18,Pune,Maharashtra,West,1,2023-03-21
CUST02855,Male,24,Delhi,Delhi,North,1,2024-11-01
CUST02856,Male,49,Chandigarh,Punjab,North,2,2024-03-21
CUST02857,Male,42,Nagpur,Maharashtra,West,3,2023-09-26
CUST02858,Female,48,Ranchi,Jharkhand,East,3,2023-05-06
CUST02859,Male,24,Bengaluru,Karnataka,South,1,2024-01-10
CUST02860,Male,22,Kochi,Kerala,South,3,2024-11-25
CUST02861,Female,37,Pune,Maharashtra,West,1,2024-08-12
CUST02862,Male,40,Jaipur,Rajasthan,North,2,2023-01-10
CUST02863,Male,24,Delhi,Delhi,North,1,2024-10-17
CUST02864,Female,20,Mumbai,Maharashtra,West,1,2023-07-12
CUST02865,Female,37,Chennai,Tamil Nadu,South,1,2023-05-03
CUST02866,Female,42,Coimbatore,Tamil Nadu,South,3,2023-02-16
CUST02867,Female,35,Chandigarh,Punjab,North,2,2024-09-27
CUST02868,Female,28,Hyderabad,Telangana,South,1,2024-05-07
CUST02869,Female,19,Bengaluru,Karnataka,South,1,2023-07-20
CUST02870,Female,34,Hyderabad,Telangana,South,1,2023-06-25
CUST02871,Male,32,Ahmedabad,Gujarat,West,2,2023-01-03
CUST02872,Female,52,Pune,Maharashtra,West,1,2024-02-12
CUST02873,Male,27,Bengaluru,Karnataka,South,1,2023-07-08
CUST02874,Female,32,Mumbai,Maharashtra,West,1,2023-03-30
CUST02875,Male,45,Chennai,Tamil Nadu,South,1,2024-07-06
CUST02876,Female,44,Surat,Gujarat,West,2,2023-03-31
CUST02877,Female,29,Kolkata,West Bengal,East,1,2024-08-23
CUST02878,Female,24,Chandigarh,Punjab,North,2,2023-03-02
CUST02879,Male,43,Mumbai,Maharashtra,West,1,2024-09-15
CUST02880,Male,18,Mumbai,Maharashtra,West,1,2024-11-18
CUST02881,Male,30,Hyderabad,Telangana,South,1,2024-05-12
CUST02882,Male,43,Bengaluru,Karnataka,South,1,2023-11-19
CUST02883,Female,34,Pune,Maharashtra,West,1,2023-02-01
CUST02884,Female,30,Pune,Maharashtra,West,1,2023-03-07
CUST02885,Male,20,Mumbai,Maharashtra,West,1,2023-11-24
CUST02886,Female,22,Indore,Madhya Pradesh,Central,2,2024-01-17
CUST02887,Male,27,Ranchi,Jharkhand,East,3,2023-08-22
CUST02888,Male,34,Bhopal,Madhya Pradesh,Central,2,2024-02-25
CUST02889,Female,34,Mumbai,Maharashtra,West,1,2024-11-22
CUST02890,Female,36,Mumbai,Maharashtra,West,1,2024-07-02
CUST02891,Female,42,Surat,Gujarat,West,2,2024-05-02
CUST02892,Male,21,Kochi,Kerala,South,3,2024-04-28
CUST02893,Male,40,Surat,Gujarat,West,2,2023-07-03
CUST02894,Female,21,Indore,Madhya Pradesh,Central,2,2024-01-26
CUST02895,Male,30,Ahmedabad,Gujarat,West,2,2024-05-03
CUST02896,Female,26,Coimbatore,Tamil Nadu,South,3,2023-11-19
CUST02897,Female,31,Mumbai,Maharashtra,West,1,2024-09-21
CUST02898,Female,18,Hyderabad,Telangana,South,1,2023-03-08
CUST02899,Male,43,Chennai,Tamil Nadu,South,1,2023-09-01
CUST02900,Male,37,Ahmedabad,Gujarat,West,2,2024-03-24
CUST02901,Female,30,Coimbatore,Tamil Nadu,South,3,2024-02-29
CUST02902,Female,18,Coimbatore,Tamil Nadu,South,3,2024-05-13
CUST02903,Male,37,Kolkata,West Bengal,East,1,2024-08-01
CUST02904,Female,35,Bengaluru,Karnataka,South,1,2024-03-09
CUST02905,Female,37,Delhi,Delhi,North,1,2024-09-24
CUST02906,Female,44,Hyderabad,Telangana,South,1,2023-07-29
CUST02907,Male,28,Chandigarh,Punjab,North,2,2024-04-08
CUST02908,Male,40,Hyderabad,Telangana,South,1,2024-01-27
CUST02909,Male,18,Delhi,Delhi,North,1,2023-10-01
CUST02910,Male,22,Chandigarh,Punjab,North,2,2024-06-12
CUST02911,Female,25,Coimbatore,Tamil Nadu,South,3,2023-05-14
CUST02912,Male,57,Patna,Bihar,East,3,2024-03-18
CUST02913,Female,35,Ranchi,Jharkhand,East,3,2023-04-09
CUST02914,Female,18,Delhi,Delhi,North,1,2024-10-31
CUST02915,Male,29,Hyderabad,Telangana,South,1,2023-04-08
CUST02916,Male,37,Kolkata,West Bengal,East,1,2023-01-31
CUST02917,Male,20,Bengaluru,Karnataka,South,1,2023-07-09
CUST02918,Male,41,Delhi,Delhi,North,1,2023-08-03
CUST02919,Male,40,Pune,Maharashtra,West,1,2023-09-26
CUST02920,Male,44,Pune,Maharashtra,West,1,2024-03-17
CUST02921,Male,22,Nagpur,Maharashtra,West,3,2023-07-19
CUST02922,Female,48,Bengaluru,Karnataka,South,1,2023-05-30
CUST02923,Female,35,Lucknow,Uttar Pradesh,North,2,2023-11-30
CUST02924,Male,36,Hyderabad,Telangana,South,1,2024-09-22
CUST02925,Male,27,Delhi,Delhi,North,1,2023-03-24
CUST02926,Female,36,Mumbai,Maharashtra,West,1,2023-11-10
CUST02927,Male,26,Delhi,Delhi,North,1,2023-08-03
CUST02928,Male,34,Bhopal,Madhya Pradesh,Central,2,2023-07-18
CUST02929,Male,35,Jaipur,Rajasthan,North,2,2024-11-21
CUST02930,Male,35,Ahmedabad,Gujarat,West,2,2024-08-12
CUST02931,Female,18,Delhi,Delhi,North,1,2023-08-12
CUST02932,Female,42,Hyderabad,Telangana,South,1,2023-03-06
CUST02933,Female,43,Chennai,Tamil Nadu,South,1,2024-02-14
CUST02934,Male,37,Pune,Maharashtra,West,1,2023-07-21
CUST02935,Female,34,Indore,Madhya Pradesh,Central,2,2023-02-01
CUST02936,Female,31,Hyderabad,Telangana,South,1,2023-08-14
CUST02937,Female,36,Coimbatore,Tamil Nadu,South,3,2024-10-26
CUST02938,Male,49,Mumbai,Maharashtra,West,1,2023-05-16
CUST02939,Female,31,Mumbai,Maharashtra,West,1,2023-06-26
CUST02940,Female,33,Coimbatore,Tamil Nadu,South,3,2024-01-02
CUST02941,Male,28,Mumbai,Maharashtra,West,1,2023-02-20
CUST02942,Female,38,Delhi,Delhi,North,1,2024-10-01
CUST02943,Female,31,Lucknow,Uttar Pradesh,North,2,2023-11-29
CUST02944,Female,29,Indore,Madhya Pradesh,Central,2,2023-05-21
CUST02945,Female,45,Pune,Maharashtra,West,1,2023-02-21
CUST02946,Female,18,Patna,Bihar,East,3,2023-02-15
CUST02947,Female,18,Surat,Gujarat,West,2,2024-03-11
CUST02948,Male,50,Chandigarh,Punjab,North,2,2024-04-05
CUST02949,Female,20,Indore,Madhya Pradesh,Central,2,2024-07-24
CUST02950,Male,28,Pune,Maharashtra,West,1,2024-06-16
CUST02951,Male,43,Chennai,Tamil Nadu,South,1,2023-03-28
CUST02952,Female,36,Kolkata,West Bengal,East,1,2023-11-29
CUST02953,Male,34,Delhi,Delhi,North,1,2023-03-27
CUST02954,Female,18,Bengaluru,Karnataka,South,1,2023-04-14
CUST02955,Male,22,Bengaluru,Karnataka,South,1,2024-07-15
CUST02956,Male,23,Hyderabad,Telangana,South,1,2023-12-06
CUST02957,Male,44,Nagpur,Maharashtra,West,3,2024-08-07
CUST02958,Female,32,Chennai,Tamil Nadu,South,1,2024-04-22
CUST02959,Male,20,Surat,Gujarat,West,2,2024-03-25
CUST02960,Male,26,Kolkata,West Bengal,East,1,2023-08-13
CUST02961,Female,40,Ranchi,Jharkhand,East,3,2024-03-18
CUST02962,Female,39,Delhi,Delhi,North,1,2024-06-17
CUST02963,Female,37,Delhi,Delhi,North,1,2023-08-19
CUST02964,Male,18,Delhi,Delhi,North,1,2023-01-10
CUST02965,Female,32,Jaipur,Rajasthan,North,2,2024-08-05
CUST02966,Female,28,Bengaluru,Karnataka,South,1,2024-06-23
CUST02967,Male,37,Ahmedabad,Gujarat,West,2,2024-06-15
CUST02968,Male,45,Hyderabad,Telangana,South,1,2023-09-02
CUST02969,Male,26,Chennai,Tamil Nadu,South,1,2023-08-08
CUST02970,Female,24,Kolkata,West Bengal,East,1,2024-03-15
CUST02971,Male,38,Mumbai,Maharashtra,West,1,2024-02-04
CUST02972,Male,33,Hyderabad,Telangana,South,1,2023-03-01
CUST02973,Male,18,Delhi,Delhi,North,1,2023-06-17
CUST02974,Female,35,Kolkata,West Bengal,East,1,2024-01-01
CUST02975,Male,21,Surat,Gujarat,West,2,2024-02-22
CUST02976,Female,42,Pune,Maharashtra,West,1,2023-12-30
CUST02977,Female,25,Indore,Madhya Pradesh,Central,2,2024-06-03
CUST02978,Female,24,Pune,Maharashtra,West,1,2024-10-30
CUST02979,Female,36,Hyderabad,Telangana,South,1,2024-04-05
CUST02980,Male,40,Hyderabad,Telangana,South,1,2024-05-30
CUST02981,Female,32,Delhi,Delhi,North,1,2023-08-27
CUST02982,Female,39,Ahmedabad,Gujarat,West,2,2024-11-09
CUST02983,Female,37,Delhi,Delhi,North,1,2023-01-21
CUST02984,Male,34,Patna,Bihar,East,3,2024-04-04
CUST02985,Male,28,Chandigarh,Punjab,North,2,2023-12-05
CUST02986,Male,45,Hyderabad,Telangana,South,1,2024-03-02
CUST02987,Male,32,Nagpur,Maharashtra,West,3,2024-10-18
CUST02988,Male,26,Pune,Maharashtra,West,1,2024-04-29
CUST02989,Female,43,Hyderabad,Telangana,South,1,2023-03-27
CUST02990,Female,26,Chennai,Tamil Nadu,South,1,2024-02-20
CUST02991,Female,27,Kolkata,West Bengal,East,1,2024-04-17
CUST02992,Male,19,Chandigarh,Punjab,North,2,2023-08-07
CUST02993,Male,35,Bhopal,Madhya Pradesh,Central,2,2024-04-26
CUST02994,Male,46,Mumbai,Maharashtra,West,1,2024-08-21
CUST02995,Female,30,Kolkata,West Bengal,East,1,2024-11-27
CUST02996,Female,31,Mumbai,Maharashtra,West,1,2023-01-24
CUST02997,Male,32,Delhi,Delhi,North,1,2023-02-10
CUST02998,Male,23,Bengaluru,Karnataka,South,1,2023-02-11
CUST02999,Female,40,Hyderabad,Telangana,South,1,2023-09-22
CUST03000,Male,42,Indore,Madhya Pradesh,Central,2,2023-04-12
